Workbook

Sheet test case
A1: Test Case ID | B1: Title | C1: Preconditions | D1: Steps | E1: Expected Result | F1: Tester | G1: Priority | H1: Status
A2: TC-001 | B2: Đăng nhập hợp lệ | C2: Có tài khoản hợp lệ | D2: 1. Mở trang đăng nhập 2. Nhập username: haitv/ Nhập password: 1234haitv 3. Nhấn nút Đăng nhập | E2: Hệ thống hiển thị trang chủ | F2: Nguyễn Văn Hải | G2: P1 | H2: Ready
A3: TC-002 | B3: Đăng nhập sai mật khẩu | C3: Có tài khoản hợp lệ | D3: 1. Mở trang đăng nhập 2. Nhập username: haitv/Nhập password: 1234567890 3. Nhấn nút Đăng nhập | E3: Hệ thống hiển thị thông báo lỗi 'Sai mật khẩu' | F3: Nguyễn Văn Hải | G3: P2 | H3: Ready
B4: …
C10: Mức Priority | D10: Ý nghĩa | E10: Ví dụ
C11: P0 – Critical | D11: Phải kiểm thử ngay hoặc sửa lỗi khẩn cấp, ảnh hưởng nghiêm trọng đến hoạt động chính | E11: Không thể đăng nhập, không thể checkout
C12: P1 – High | D12: Ưu tiên cao, cần kiểm thử/sửa sớm vì ảnh hưởng đến chức năng chính | E12: Sai mật khẩu không báo lỗi, form đăng nhập không phản hồi
C13: P2 – Medium | D13: Quan trọng vừa phải, có thể làm sau các chức năng chính | E13: Thông báo lỗi hiển thị sai màu, căn lề không chuẩn
C14: P3 – Low | D14: Ưu tiên thấp, ít ảnh hưởng, có thể kiểm thử cuối cùng | E14: Giao diện lỗi chính tả, font chữ chưa đúng

Sheet Đăng ký
A1: Module Code | B1: Đăng ký
A2: Test requirement | B2: <Brief description about requirements which are tested in this sheet> | F2: rơ
A3: Tester
A4: Pass | B4: Fail | C4: Untested | D4: N/A | E4: Number of Test cases
A5: =COUNTIF(I6:I998,"Pass") -> 19 | B5: =COUNTIF(I6:I998,"Fail") -> 1 | C5: =E5-D5-A5-B5 -> 0 | D5: =COUNTIF(H$7:I$999,"N/A") -> 0 | E5: =COUNTA(A7:A1002) -> 20
A6: Test Case ID | B6: Group Name | C6: Sub Group Name | D6: Test Case Description | E6: Precondition | F6: Test Case Procedure | G6: Test data | H6: Expected Output | I6: Result | J6: Tester | K6: Priority | L6: Status
A7: ="TC-" & TEXT(ROW()-6,"000") -> TC-001 | B7: Access right | D7: Kiểm tra cách vào màn hình đăng ký | E7: Người dùng chưa có tài khoản | F7: 1. Truy cập website 2. Click “Đăng ký” | H7: 1. Hiển thị màn hình Đăng ký | I7: Pass | J7: Trần Thị Phương Thảo | K7: P1 | L7: Ready
A8: ="TC-" & TEXT(ROW()-6,"000") -> TC-002 | B8: UI | D8: Kiểm tra số lượng các item | F8: 1. Kiểm tra số lượng các item | H8: 1. Hiển thị đúng số lượng các item trên màn hình | I8: Pass | J8: Trần Thị Phương Thảo | K8: P2 | L8: Ready
A9: ="TC-" & TEXT(ROW()-6,"000") -> TC-003 | D9: Kiểm tra vị trí, font chữ, size chữ, màu sắc | F9: 1. Kiểm tra vị trí, font chữ, size chữ, màu sắc | H9: 1. Hiển thị đúng theo design | I9: Pass | J9: Trần Thị Phương Thảo | K9: P2 | L9: Ready
A10: ="TC-" & TEXT(ROW()-6,"000") -> TC-004 | D10: Kiểm tra trạng thái | F10: 1. Kiểm tra trạng thái các item | H10: 1. Các item đều ở trạng thái enable | I10: Pass | J10: Trần Thị Phương Thảo | K10: P2 | L10: Ready
A11: ="TC-" & TEXT(ROW()-6,"000") -> TC-005 | D11: Kiểm tra giá trị default | F11: 1. Kiểm tra các giá trị default | H11: 1. Các text box đều hiển thị trắng | I11: Pass | J11: Trần Thị Phương Thảo | K11: P2 | L11: Ready
A12: ="TC-" & TEXT(ROW()-6,"000") -> TC-006 | B12: Check Validation | C12: Username | D12: Kiểm tra không nhập Username | E12: Người dùng đang ở màn hình Đăng ký | F12: 1. Nhập thông tin: - Username: bỏ trống - Nhập giá trị hợp lệ cho các trường thông tin còn lại 2. Click button Đăng ký | H12: 2. Hệ thống hiển thị thông báo lỗi: "Please fill out this field" | I12: Pass | J12: Trần Thị Phương Thảo | K12: P1 | L12: Ready
A13: ="TC-" & TEXT(ROW()-6,"000") -> TC-007 | C13: Fullname | D13: Kiểm tra không nhập Fullname | F13: 1. Nhập thông tin: - Fullname: bỏ trống - Nhập giá trị hợp lệ cho các trường thông tin còn lại 2. Click button Đăng ký | H13: 2. Hệ thống hiển thị thông báo lỗi: "Please fill out this field" | I13: Pass | J13: Trần Thị Phương Thảo | K13: P1 | L13: Ready
A14: ="TC-" & TEXT(ROW()-6,"000") -> TC-008 | C14: Address | D14: Kiểm tra không nhập Address | F14: 1. Nhập thông tin: - Address: bỏ trống - Nhập giá trị hợp lệ cho các trường thông tin còn lại 2. Click button Đăng ký | H14: 2. Hệ thống hiển thị thông báo lỗi: "Please fill out this field" | I14: Pass | J14: Trần Thị Phương Thảo | K14: P1 | L14: Ready
A15: ="TC-" & TEXT(ROW()-6,"000") -> TC-009 | C15: Phone | D15: Kiểm tra nhập phone sai định dạng | F15: 1. Nhập thông tin: - Phone: abc123 - Nhập giá trị hợp lệ cho các trường thông tin còn lại 2. Click button Đăng ký | G15: Phone: abc123 | H15: 2. Hệ thống hiển thị thông báo lỗi: "Please match the requested format." | I15: Pass | J15: Trần Thị Phương Thảo | K15: P1 | L15: Ready
A16: ="TC-" & TEXT(ROW()-6,"000") -> TC-010 | D16: Kiểm tra nhập phone chứa ký tự đặc biệt | F16: 1. Nhập thông tin: - Phone: 0946680756@ - Nhập giá trị hợp lệ cho các trường thông tin còn lại 2. Click button Đăng ký | H16: 2. Hệ thống hiển thị thông báo lỗi: "Please match the requested format." | I16: Pass | J16: Trần Thị Phương Thảo | K16: P1 | L16: Ready
A17: ="TC-" & TEXT(ROW()-6,"000") -> TC-011 | D17: Kiểm tra không nhập số phone | F17: 1. Nhập thông tin: - Phone: bỏ trống - Nhập giá trị hợp lệ cho các trường thông tin còn lại 2. Click button Đăng ký | H17: 2. Hệ thống hiển thị thông báo lỗi: "Please fill out this field" | I17: Pass | J17: Trần Thị Phương Thảo | K17: P1 | L17: Ready
A18: ="TC-" & TEXT(ROW()-6,"000") -> TC-012 | D18: Kiểm tra nhập số phone >10 số | F18: 1. Nhập thông tin: - Phone: 09466807567 - Nhập giá trị hợp lệ cho các trường thông tin còn lại 2. Click button Đăng ký | G18: Phone: 09466807567 | H18: 2. Hệ thống hiển thị thông báo lỗi: "Please match the requested format." | I18: Pass | J18: Trần Thị Phương Thảo | K18: P1 | L18: Ready
A19: ="TC-" & TEXT(ROW()-6,"000") -> TC-013 | D19: Kiểm tra nhập số phone < 10 số | F19: 1. Nhập thông tin: - Phone: 094668 - Nhập giá trị hợp lệ cho các trường thông tin còn lại 2. Click button Đăng ký | G19: Phone: 094668 | H19: 2. Hệ thống hiển thị thông báo lỗi: "Please match the requested format." | I19: Pass | J19: Trần Thị Phương Thảo | K19: P1 | L19: Ready
A20: ="TC-" & TEXT(ROW()-6,"000") -> TC-014 | C20: Email | D20: Không nhập email | E20: Người dùng đang ở màn hình Đăng ký | F20: 1. Nhập thông tin: - Email: bỏ trống - Nhập giá trị hợp lệ cho các trường thông tin còn lại 2. Click button Đăng ký | H20: 2. Hệ thống hiển thị thông báo lỗi: "Please fill out this field" | I20: Pass | J20: Trần Thị Phương Thảo | K20: P1 | L20: Ready
A21: ="TC-" & TEXT(ROW()-6,"000") -> TC-015 | D21: Kiểm tra nhập email sai định dạng | F21: 1. Nhập thông tin: - Email: thaogmail.com - Nhập giá trị hợp lệ cho các trường thông tin còn lại 2. Click button Đăng ký | G21: Email: thaogmail.com | H21: 2. Hệ thống hiển thị thông báo lỗi: “Please include an ‘@’ in the email address. ‘phuongthao270204.com’ is missing an ‘@’” | I21: Pass | J21: Trần Thị Phương Thảo | K21: P1 | L21: Ready
A22: ="TC-" & TEXT(ROW()-6,"000") -> TC-016 | C22: Password | D22: Kiểm tra nhập khẩu không khớp | F22: 1. Nhập thông tin: - Nhập Password: thao123 - Nhập Re-Enter Password: thao456 - Nhập giá trị hợp lệ cho các trường thông tin còn lại 2. Click button Đăng ký | G22: - Password: thao123 - Re-Enter Password: thao456 | H22: 2. Hệ thống hiển thị lỗi trang | I22: Pass | J22: Trần Thị Phương Thảo | K22: P1 | L22: Ready
A23: ="TC-" & TEXT(ROW()-6,"000") -> TC-017 | D23: Kiểm tra không nhập mật khẩu | F23: 1. Nhập thông tin: - Password: bỏ trống - Nhập giá trị hợp lệ cho các trường thông tin còn lại 2. Click button Đăng ký | H23: 2. Hệ thống hiển thị thông báo lỗi: "Please fill out this field" | I23: Pass | J23: Trần Thị Phương Thảo | K23: P1 | L23: Ready
A24: ="TC-" & TEXT(ROW()-6,"000") -> TC-018 | C24: Enter the password | D24: Kiểm tra không nhập nhắc lại mật khẩu | F24: 1. Nhập thông tin: - Enter the password: bỏ trống - Nhập giá trị hợp lệ cho các trường thông tin còn lại 2. Click button Đăng ký | H24: 2. Hệ thống hiển thị thông báo lỗi: "Please fill out this field" | I24: Pass | J24: Trần Thị Phương Thảo | K24: P1 | L24: Ready
A25: ="TC-" & TEXT(ROW()-6,"000") -> TC-019 | B25: Check business | C25: Kiểm tra button Đăng ký | D25: Kiểm tra người dùng đăng ký thành công với các thông tin hợp lệ | E25: Người dùng đang ở màn hình Đăng ký và chưa có tài khoản | F25: 1. Nhập thông tin: - Nhập giá trị hợp lệ cho các trường thông tin còn lại 2. Click button Đăng ký | G25: Username: thaoo Fullname: Phuongthao Email: phuongthao270204@gmail Phone: 0946680756 Address: 25 Đường Cầu Diễn Password: 123456 Re-Enter Password: 123456 | H25: 2. Hệ thống đăng ký tài khoản thành công và thông tin được lưu trong bảng tài khoản | I25: Pass | J25: Trần Thị Phương Thảo | K25: P1 | L25: Ready
A26: ="TC-" & TEXT(ROW()-6,"000") -> TC-020 | D26: Kiểm tra người dùng đăng ký tài khoản với email đã tồn tại | E26: Người dùng đang ở màn hình Đăng ký và email đã tồn tại | F26: 1. Nhập thông tin: - Email: phuongthao270204@gmail.com - Nhập giá trị hợp lệ cho các trường thông tin còn lại 2. Click button Đăng ký | H26: 2. Hệ thống hiển thị thông báo lỗi: "Email đã tồn tại” | I26: Fail | J26: Trần Thị Phương Thảo | K26: P1 | L26: Ready

Sheet Đăng nhập
A1: Module Code | B1: Đăng nhập
A2: Test requirement | B2: <Brief description about requirements which are tested in this sheet>
A3: Tester
A4: Pass | B4: Fail | C4: Untested | D4: N/A | E4: Number of Test cases
A5: =COUNTIF(I6:I996,"Pass") -> 10 | B5: =COUNTIF(I6:I996,"Fail") -> 0 | C5: =E5-D5-A5-B5 -> 1 | D5: =COUNTIF(H$6:I$997,"N/A") -> 0 | E5: =COUNTA(A6:A1000) -> 11
A6: Test Case ID | B6: Group Name | C6: Sub Group Name | D6: Test Case Description | E6: Precondition | F6: Test Case Procedure | G6: Test data | H6: Expected Output | I6: Result | J6: Tester | K6: Priority | L6: Status
A7: ="TC-" & TEXT(ROW()-ROW($A$7)+1 + COUNTIF('Đăng ký'!A:A,"TC-*"),"000") -> TC-021 | B7: Access right | D7: Kiểm tra cách vào màn hình đăng nhập | E7: Người dùng chưa đăng nhập | F7: 1. Truy cập website 2. Click “Đăng nhập” | H7: 1. Hiển thị màn hình Đăng nhập | I7: Pass | J7: Trần Thị Phương Thảo | K7: P1 | L7: Ready
A8: ="TC-" & TEXT(ROW()-ROW($A$7)+1 + COUNTIF('Đăng ký'!A:A,"TC-*"),"000") -> TC-022 | B8: UI | D8: Kiểm tra số lượng các item | F8: 1. Kiểm tra số lượng các item | H8: 1. Hiển thị đúng số lượng các item trên màn hình | I8: Pass | J8: Trần Thị Phương Thảo | K8: P2 | L8: Ready
A9: ="TC-" & TEXT(ROW()-ROW($A$7)+1 + COUNTIF('Đăng ký'!A:A,"TC-*"),"000") -> TC-023 | D9: Kiểm tra vị trí, font chữ, size chữ, màu sắc | F9: 1. Kiểm tra vị trí, font chữ, size chữ, màu sắc | H9: 1. Hiển thị đúng theo design | I9: Pass | J9: Trần Thị Phương Thảo | K9: P2 | L9: Ready
A10: ="TC-" & TEXT(ROW()-ROW($A$7)+1 + COUNTIF('Đăng ký'!A:A,"TC-*"),"000") -> TC-024 | D10: Kiểm tra trạng thái | F10: 1. Kiểm tra trạng thái các item | H10: 1. Các item đều ở trạng thái enable | I10: Pass | J10: Trần Thị Phương Thảo | K10: P2 | L10: Ready
A11: ="TC-" & TEXT(ROW()-ROW($A$7)+1 + COUNTIF('Đăng ký'!A:A,"TC-*"),"000") -> TC-025 | D11: Kiểm tra giá trị default | F11: 1. Kiểm tra các giá trị default | H11: 1. Các text box đều hiển thị trắng | I11: Pass | J11: Trần Thị Phương Thảo | K11: P2 | L11: Ready
A12: ="TC-" & TEXT(ROW()-ROW($A$7)+1 + COUNTIF('Đăng ký'!A:A,"TC-*"),"000") -> TC-026 | B12: Check Validation | C12: Username | D12: Kiểm tra không nhập tên đăng nhập | E12: Người dùng đang ở màn hình Đăng nhập | F12: 1. Nhập thông tin: - Username: bỏ trống - Nhập giá trị hợp lệ cho các trường thông tin còn lại 2. Click button Login | H12: 2. Hệ thống hiển thị thông báo lỗi yêu cầu nhập tên đăng nhập | I12: Pass | J12: Trần Thị Phương Thảo | K12: P1 | L12: Ready
A13: ="TC-" & TEXT(ROW()-ROW($A$7)+1 + COUNTIF('Đăng ký'!A:A,"TC-*"),"000") -> TC-027 | C13: Password | D13: Kiểm tra không nhập mật khẩu | E13: Người dùng đang ở màn hình Đăng nhập | F13: 1. Nhập thông tin: - Password: bỏ trống - Nhập giá trị hợp lệ cho các trường thông tin còn lại 2. Click button Login | H13: 2. Hệ thống hiển thị thông báo lỗi yêu cầu nhập mật khẩu | I13: Pass | J13: Trần Thị Phương Thảo | K13: P1 | L13: Ready
A14: ="TC-" & TEXT(ROW()-ROW($A$7)+1 + COUNTIF('Đăng ký'!A:A,"TC-*"),"000") -> TC-028 | B14: Check business | C14: Kiểm tra button Login | D14: Kiểm tra người dùng đăng nhập thành công với các thông tin hợp lệ | E14: Người dùng đang ở màn hình Đăng nhập, tài khoản đã tồn tại | F14: 1. Nhập thông tin: - Nhập giá trị hợp lệ cho các trường thông tin còn lại 2. Click button Login | H14: 2. Hệ thống đăng nhập tài khoản thành công và chuyển sang trang chủ | I14: Pass | J14: Trần Thị Phương Thảo | K14: P1 | L14: Ready
A15: ="TC-" & TEXT(ROW()-ROW($A$7)+1 + COUNTIF('Đăng ký'!A:A,"TC-*"),"000") -> TC-029 | D15: Kiểm tra người dùng đăng nhập không thành công vào hệ thống với tên đăng nhập không tồn tại trong hệ thống | E15: Người dùng đang ở màn hình Đăng nhập, tài khoản không tồn tại | F15: 1. Nhập thông tin: - Tên đăng nhập: thao - Nhập giá trị hợp lệ cho các trường thông tin còn lại 2. Click button Login | G15: Username: thao | H15: 2. Hệ thống hiển thị thông báo lỗi: “Username Incorrect” | I15: Pass | J15: Trần Thị Phương Thảo | K15: P1 | L15: Ready
A16: ="TC-" & TEXT(ROW()-ROW($A$7)+1 + COUNTIF('Đăng ký'!A:A,"TC-*"),"000") -> TC-030 | D16: Kiểm tra người dùng đăng nhập không thành công vào hệ thống khi nhập sai mật khẩu | E16: Người dùng đang ở màn hình Đăng nhập, tài khoản đã tồn tại | F16: 1. Nhập thông tin: - Password: 12345 - Nhập giá trị hợp lệ cho các trường thông tin còn lại 2. Click button Login | G16: Password: 12345/123456 | H16: 2. Hệ thống hiển thị thông báo lỗi: "Password không đúng" | I16: Pass | J16: Trần Thị Phương Thảo | K16: P1 | L16: Ready

Sheet Tìm kiếm bài viết
A1: Module Code | B1: Tìm kiếm bài viết
A2: Test requirement | B2: <Brief description about requirements which are tested in this sheet>
A3: Tester
A4: Pass | B4: Fail | C4: Untested | D4: N/A | E4: Number of Test cases
A5: =COUNTIF(I6:I994,"Pass") -> 10 | B5: =COUNTIF(I6:I994,"Fail") -> 0 | C5: =E5-D5-A5-B5 -> 1 | D5: =COUNTIF(H$6:I$995,"N/A") -> 0 | E5: =COUNTA(A6:A998) -> 11
A6: Test Case ID | B6: Group Name | C6: Sub Group Name | D6: Test Case Description | E6: Precondition | F6: Test Case Procedure | G6: Test data | H6: Expected Output | I6: Result | J6: Tester | K6: Priority | L6: Status
A7: ="TC-" & TEXT( ROW()-ROW($A$7)+1 + COUNTIF('Đăng ký'!A:A,"TC-*") + COUNTIF('Đăng nhập'!A:A,"TC-*"),"000") -> TC-031 | B7: Access right | D7: Kiểm tra truy cập trang Tin tức | E7: Người dùng truy cập website | F7: 1. Truy cập website 2. Click menu “Tin tức” | H7: 1. Hiển thị màn hình trang Tin tức | I7: Pass | J7: Trần Thị Phương Thảo | K7: P1 | L7: Ready
A8: ="TC-" & TEXT( ROW()-ROW($A$7)+1 + COUNTIF('Đăng ký'!A:A,"TC-*") + COUNTIF('Đăng nhập'!A:A,"TC-*"),"000") -> TC-032 | B8: UI | D8: Kiểm tra số lượng các item | F8: 1. Kiểm tra số lượng các item | H8: 1. Hiển thị đúng số lượng các item trên màn hình | I8: Pass | J8: Trần Thị Phương Thảo | K8: P2 | L8: Ready
A9: ="TC-" & TEXT( ROW()-ROW($A$7)+1 + COUNTIF('Đăng ký'!A:A,"TC-*") + COUNTIF('Đăng nhập'!A:A,"TC-*"),"000") -> TC-033 | D9: Kiểm tra vị trí, font chữ, size chữ, màu sắc | F9: 1. Kiểm tra vị trí, font chữ, size chữ, màu sắc | H9: 1. Hiển thị đúng theo design | I9: Pass | J9: Trần Thị Phương Thảo | K9: P2 | L9: Ready
A10: ="TC-" & TEXT( ROW()-ROW($A$7)+1 + COUNTIF('Đăng ký'!A:A,"TC-*") + COUNTIF('Đăng nhập'!A:A,"TC-*"),"000") -> TC-034 | D10: Kiểm tra trạng thái | F10: 1. Kiểm tra trạng thái các item | H10: 1. Các item đều ở trạng thái enable | I10: Pass | J10: Trần Thị Phương Thảo | K10: P2 | L10: Ready
A11: ="TC-" & TEXT( ROW()-ROW($A$7)+1 + COUNTIF('Đăng ký'!A:A,"TC-*") + COUNTIF('Đăng nhập'!A:A,"TC-*"),"000") -> TC-035 | D11: Kiểm tra giá trị default | F11: 1. Kiểm tra các giá trị default | H11: 1. Các text box đều hiển thị trắng | I11: Pass | J11: Trần Thị Phương Thảo | K11: P2 | L11: Ready
A12: ="TC-" & TEXT( ROW()-ROW($A$7)+1 + COUNTIF('Đăng ký'!A:A,"TC-*") + COUNTIF('Đăng nhập'!A:A,"TC-*"),"000") -> TC-036 | B12: Check Validation | C12: Kiểm tra keyword | D12: Kiểm tra không nhập từ khóa | E12: Người dùng truy cập website | F12: 1. Nhập thông tin: - Để trống ô tìm kiếm 2. Click “Search” | H12: 2. Hệ thống hiển thị danh sách tất cả các bài viết | I12: Pass | J12: Trần Thị Phương Thảo | K12: P1 | L12: Ready
A13: ="TC-" & TEXT( ROW()-ROW($A$7)+1 + COUNTIF('Đăng ký'!A:A,"TC-*") + COUNTIF('Đăng nhập'!A:A,"TC-*"),"000") -> TC-037 | D13: Kiểm tra tìm kiếm không phân biệt hoa thường | E13: Người dùng truy cập website và có dữ liệu bài viết trong hệ thống | F13: 1. Nhập thông tin: - Nhập từ khóa: TÀU 2. Click “Search” | G13: CHUYẾN TÀU | H13: 2. Hệ thống trả về kết quả chứa từ khóa không phân biệt hoa thường | I13: Pass
A14: ="TC-" & TEXT( ROW()-ROW($A$7)+1 + COUNTIF('Đăng ký'!A:A,"TC-*") + COUNTIF('Đăng nhập'!A:A,"TC-*"),"000") -> TC-038 | B14: Check business | D14: Kiểm tra người dùng tìm kiếm với từ khóa hợp lệ | E14: Người dùng truy cập website và có dữ liệu bài viết trong hệ thống | F14: 1. Nhập thông tin: - Nhập từ khóa: chuyến tàu 2. Click “Search” | G14: chuyến tàu | H14: 2. Hệ thống hiển thị danh sách bài viết chứa từ khóa | I14: Pass | J14: Trần Thị Phương Thảo | K14: P1 | L14: Ready
A15: ="TC-" & TEXT( ROW()-ROW($A$7)+1 + COUNTIF('Đăng ký'!A:A,"TC-*") + COUNTIF('Đăng nhập'!A:A,"TC-*"),"000") -> TC-039 | D15: Kiểm tra người dùng tìm kiếm từ khóa không trả về kết quả hợp lệ | E15: Người dùng truy cập website và không có dữ liệu bài viết trong hệ thống | F15: 1. Nhập thông tin: - Nhập từ khóa: xyz123 2. Click “Search” | G15: xyz123 | H15: 2. Hệ thống không hiển thị bài viết nào liên quan đến từ khóa | I15: Pass | J15: Trần Thị Phương Thảo | K15: P1 | L15: Ready
A16: ="TC-" & TEXT( ROW()-ROW($A$7)+1 + COUNTIF('Đăng ký'!A:A,"TC-*") + COUNTIF('Đăng nhập'!A:A,"TC-*"),"000") -> TC-040 | D16: Kiểm tra tìm kiếm nhiều từ khóa một lúc | E16: Người dùng truy cập website và có dữ liệu bài viết trong hệ thống | F16: 1. Nhập thông tin: - Nhập từ khóa: Hành trình lan tỏa giá trị nhân văn và quảng bá du lịch Việt Nam 2. Click “Search” | G16: Hành trình lan tỏa giá trị nhân văn và quảng bá du lịch Việt Nam | H16: 2. Hệ thống hiển thị danh sách bài viết chứa từ khóa | I16: Pass | J16: Trần Thị Phương Thảo | K16: P2 | L16: Ready

Sheet Xem chủ đề bài viết
A1: Module Code | B1: Xem chủ đề bài viết
A2: Test requirement | B2: <Brief description about requirements which are tested in this sheet>
A3: Tester
A4: Pass | B4: Fail | C4: Untested | D4: N/A | E4: Number of Test cases
A5: =COUNTIF(I6:I995,"Pass") -> 8 | B5: =COUNTIF(I6:I995,"Fail") -> 0 | C5: =E5-D5-A5-B5 -> 1 | D5: =COUNTIF(H$6:I$996,"N/A") -> 0 | E5: =COUNTA(A6:A999) -> 9
A6: Test Case ID | B6: Group Name | C6: Sub Group Name | D6: Test Case Description | E6: Precondition | F6: Test Case Procedure | G6: Test data | H6: Expected Output | I6: Result | J6: Tester | K6: Priority | L6: Status
A7: ="TC-" & TEXT( ROW()-ROW($A$7)+1 + COUNTIF('Đăng ký'!A:A,"TC-*") + COUNTIF('Đăng nhập'!A:A,"TC-*") + COUNTIF('Tìm kiếm bài viết'!A:A,"TC-*"),"000") -> TC-041 | B7: Access right | D7: Kiểm tra truy cập trang Tin tức | E7: Người dùng truy cập website | F7: 1. Truy cập website 2. Click menu “Tin tức” | H7: 1. Hiển thị màn hình trang Tin tức | I7: Pass | J7: Trần Thị Phương Thảo | K7: P1 | L7: Ready
A8: ="TC-" & TEXT( ROW()-ROW($A$7)+1 + COUNTIF('Đăng ký'!A:A,"TC-*") + COUNTIF('Đăng nhập'!A:A,"TC-*") + COUNTIF('Tìm kiếm bài viết'!A:A,"TC-*"),"000") -> TC-042 | B8: UI | D8: Kiểm tra số lượng các item | E8: Người dùng đang ở trang Tin tức | F8: 1. Kiểm tra số lượng các item | H8: 1. Hiển thị đúng số lượng các item trên màn hình | I8: Pass | J8: Trần Thị Phương Thảo | K8: P2 | L8: Ready
A9: ="TC-" & TEXT( ROW()-ROW($A$7)+1 + COUNTIF('Đăng ký'!A:A,"TC-*") + COUNTIF('Đăng nhập'!A:A,"TC-*") + COUNTIF('Tìm kiếm bài viết'!A:A,"TC-*"),"000") -> TC-043 | D9: Kiểm tra vị trí, font chữ, size chữ, màu sắc | F9: 1. Kiểm tra vị trí, font chữ, size chữ, màu sắc | H9: 1. Hiển thị đúng theo design | I9: Pass | J9: Trần Thị Phương Thảo | K9: P2 | L9: Ready
A10: ="TC-" & TEXT( ROW()-ROW($A$7)+1 + COUNTIF('Đăng ký'!A:A,"TC-*") + COUNTIF('Đăng nhập'!A:A,"TC-*") + COUNTIF('Tìm kiếm bài viết'!A:A,"TC-*"),"000") -> TC-044 | D10: Kiểm tra trạng thái | F10: 1. Kiểm tra trạng thái các item | H10: 1. Các item đều ở trạng thái enable | I10: Pass | J10: Trần Thị Phương Thảo | K10: P2 | L10: Ready
A11: ="TC-" & TEXT( ROW()-ROW($A$7)+1 + COUNTIF('Đăng ký'!A:A,"TC-*") + COUNTIF('Đăng nhập'!A:A,"TC-*") + COUNTIF('Tìm kiếm bài viết'!A:A,"TC-*"),"000") -> TC-045 | D11: Kiểm tra giá trị default | F11: 1. Kiểm tra các giá trị default | H11: 1. Các text box đều hiển thị trắng | I11: Pass | J11: Trần Thị Phương Thảo | K11: P2 | L11: Ready
A12: ="TC-" & TEXT( ROW()-ROW($A$7)+1 + COUNTIF('Đăng ký'!A:A,"TC-*") + COUNTIF('Đăng nhập'!A:A,"TC-*") + COUNTIF('Tìm kiếm bài viết'!A:A,"TC-*"),"000") -> TC-046 | B12: Check business | D12: Kiểm tra hiển thị bài viết theo chủ đề | E12: Người dùng đã chọn chủ đề | F12: 1. Click chủ đề “Vé tàu nội địa” | G12: Vé tàu nội địa | H12: 2. Hiển thị danh sách bài viết thuộc chủ đề | I12: Pass | J12: Trần Thị Phương Thảo | K12: P1 | L12: Ready
A13: ="TC-" & TEXT( ROW()-ROW($A$7)+1 + COUNTIF('Đăng ký'!A:A,"TC-*") + COUNTIF('Đăng nhập'!A:A,"TC-*") + COUNTIF('Tìm kiếm bài viết'!A:A,"TC-*"),"000") -> TC-047 | D13: Kiểm tra bài viết khi không có dữ liệu | E13: Chủ đề không có bài viết | F13: 1. Click chủ đề không có bài | H13: 2. Hệ thống không hiển thị danh sách bài viết theo chủ đề được chọn | I13: Pass | J13: Trần Thị Phương Thảo | K13: P2 | L13: Ready
A14: ="TC-" & TEXT( ROW()-ROW($A$7)+1 + COUNTIF('Đăng ký'!A:A,"TC-*") + COUNTIF('Đăng nhập'!A:A,"TC-*") + COUNTIF('Tìm kiếm bài viết'!A:A,"TC-*"),"000") -> TC-048 | D14: Kiểm tra click vào bài viết | E14: Người dùng đang xem danh sách bài | F14: 1. Click 1 bài viết | H14: 2. Hiển thị chi tiết bài viết | I14: Pass | J14: Trần Thị Phương Thảo | K14: P1 | L14: Ready

Sheet Xem chi tiết bài viết
A1: Module Code | B1: Xem chi tiết bài viết
A2: Test requirement | B2: <Brief description about requirements which are tested in this sheet>
A3: Tester
A4: Pass | B4: Fail | C4: Untested | D4: N/A | E4: Number of Test cases
A5: =COUNTIF(I6:I995,"Pass") -> 8 | B5: =COUNTIF(I6:I995,"Fail") -> 0 | C5: =E5-D5-A5-B5 -> 3 | D5: =COUNTIF(H$6:I$996,"N/A") -> 0 | E5: =COUNTA(A6:A999) -> 11
A6: Test Case ID | B6: Group Name | C6: Sub Group Name | D6: Test Case Description | E6: Precondition | F6: Test Case Procedure | G6: Test data | H6: Expected Output | I6: Result | J6: Tester | K6: Priority | L6: Status
A7: ="TC-" & TEXT( ROW()-ROW($A$7)+1 + COUNTIF('Đăng ký'!A:A,"TC-*") + COUNTIF('Đăng nhập'!A:A,"TC-*") + COUNTIF('Tìm kiếm bài viết'!A:A,"TC-*") + COUNTIF('Xem chủ đề bài viết'!A:A,"TC-*"),"000") -> TC-049 | B7: Access right | D7: Kiểm tra truy cập màn hình chi tiết bài viết | E7: Người dùng đang ở trang danh sách bài viết | F7: 1. Click vào 1 bài viết bất kỳ | H7: 1. Hiển thị màn hình chi tiết bài viết | I7: Pass | J7: Trần Thị Phương Thảo | K7: P1 | L7: Ready
A8: ="TC-" & TEXT( ROW()-ROW($A$7)+1 + COUNTIF('Đăng ký'!A:A,"TC-*") + COUNTIF('Đăng nhập'!A:A,"TC-*") + COUNTIF('Tìm kiếm bài viết'!A:A,"TC-*") + COUNTIF('Xem chủ đề bài viết'!A:A,"TC-*"),"000") -> TC-050 | B8: UI | D8: Kiểm tra hiển thị tiêu đề bài viết | E8: Người dùng đang ở màn hình chi tiết | F8: 1. Quan sát tiêu đề | H8: 1. Hiển thị đúng tiêu đề bài viết | I8: Pass | J8: Trần Thị Phương Thảo | K8: P1 | L8: Ready
A9: ="TC-" & TEXT( ROW()-ROW($A$7)+1 + COUNTIF('Đăng ký'!A:A,"TC-*") + COUNTIF('Đăng nhập'!A:A,"TC-*") + COUNTIF('Tìm kiếm bài viết'!A:A,"TC-*") + COUNTIF('Xem chủ đề bài viết'!A:A,"TC-*"),"000") -> TC-051 | D9: Kiểm tra hiển thị hình ảnh | F9: 1. Quan sát hình ảnh | H9: 1. Hiển thị đúng hình ảnh bài viết | I9: Pass | J9: Trần Thị Phương Thảo | K9: P2 | L9: Ready
A10: ="TC-" & TEXT( ROW()-ROW($A$7)+1 + COUNTIF('Đăng ký'!A:A,"TC-*") + COUNTIF('Đăng nhập'!A:A,"TC-*") + COUNTIF('Tìm kiếm bài viết'!A:A,"TC-*") + COUNTIF('Xem chủ đề bài viết'!A:A,"TC-*"),"000") -> TC-052 | D10: Kiểm tra hiển thị nội dung bài viết | F10: 1. Quan sát nội dung | H10: 1. Hiển thị đầy đủ nội dung bài viết | I10: Pass | J10: Trần Thị Phương Thảo | K10: P1 | L10: Ready
A11: ="TC-" & TEXT( ROW()-ROW($A$7)+1 + COUNTIF('Đăng ký'!A:A,"TC-*") + COUNTIF('Đăng nhập'!A:A,"TC-*") + COUNTIF('Tìm kiếm bài viết'!A:A,"TC-*") + COUNTIF('Xem chủ đề bài viết'!A:A,"TC-*"),"000") -> TC-053 | D11: Kiểm tra bố cục hiển thị | F11: 1. Kiểm tra layout (title, image, content) | H11: 1. Hiển thị đúng theo design | I11: Pass | J11: Trần Thị Phương Thảo | K11: P2 | L11: Ready
A12: ="TC-" & TEXT( ROW()-ROW($A$7)+1 + COUNTIF('Đăng ký'!A:A,"TC-*") + COUNTIF('Đăng nhập'!A:A,"TC-*") + COUNTIF('Tìm kiếm bài viết'!A:A,"TC-*") + COUNTIF('Xem chủ đề bài viết'!A:A,"TC-*"),"000") -> TC-054 | B12: Check business | D12: Kiểm tra load dữ liệu bài viết từ database | E12: Có dữ liệu bài viết | F12: 1. Click bài viết | H12: 2. Dữ liệu hiển thị đúng từ BAI_VIET | I12: Pass | J12: Trần Thị Phương Thảo | K12: P1 | L12: Ready
A13: ="TC-" & TEXT( ROW()-ROW($A$7)+1 + COUNTIF('Đăng ký'!A:A,"TC-*") + COUNTIF('Đăng nhập'!A:A,"TC-*") + COUNTIF('Tìm kiếm bài viết'!A:A,"TC-*") + COUNTIF('Xem chủ đề bài viết'!A:A,"TC-*"),"000") -> TC-055 | D13: Kiểm tra tính chính xác dữ liệu | E13: Có dữ liệu | F13: 1. So sánh UI với database | H13: 2. Hệ thống hiển thị nội dung đúng với database | I13: Pass | J13: Trần Thị Phương Thảo | K13: P1 | L13: Ready
A14: ="TC-" & TEXT( ROW()-ROW($A$7)+1 + COUNTIF('Đăng ký'!A:A,"TC-*") + COUNTIF('Đăng nhập'!A:A,"TC-*") + COUNTIF('Tìm kiếm bài viết'!A:A,"TC-*") + COUNTIF('Xem chủ đề bài viết'!A:A,"TC-*"),"000") -> TC-056 | D14: Kiểm tra trạng thái bài viết | E14: Có bài viết ẩn | F14: 1. Truy cập bài viết trạng thái ẩn | H14: 2. Hệ thống không hiển thị bài viết | I14: Pass | J14: Trần Thị Phương Thảo | K14: P1 | L14: Ready
A15: ="TC-" & TEXT( ROW()-ROW($A$7)+1 + COUNTIF('Đăng ký'!A:A,"TC-*") + COUNTIF('Đăng nhập'!A:A,"TC-*") + COUNTIF('Tìm kiếm bài viết'!A:A,"TC-*") + COUNTIF('Xem chủ đề bài viết'!A:A,"TC-*"),"000") -> TC-057
A16: ="TC-" & TEXT( ROW()-ROW($A$7)+1 + COUNTIF('Đăng ký'!A:A,"TC-*") + COUNTIF('Đăng nhập'!A:A,"TC-*") + COUNTIF('Tìm kiếm bài viết'!A:A,"TC-*") + COUNTIF('Xem chủ đề bài viết'!A:A,"TC-*"),"000") -> TC-058

Sheet Tìm kiếm chuyến đi
A1: Module Code | B1: Tìm kiếm chuyến đi
A2: Test requirement | B2: <Brief description about requirements which are tested in this sheet>
A3: Tester
A4: Pass | B4: Fail | C4: Untested | D4: N/A | E4: Number of Test cases
A5: =COUNTIF(I6:I993,"Pass") -> 14 | B5: =COUNTIF(I6:I993,"Fail") -> 0 | C5: =E5-D5-A5-B5 -> 1 | D5: =COUNTIF(H$6:I$994,"N/A") -> 0 | E5: =COUNTA(A6:A997) -> 15
A6: Test Case ID | B6: Group Name | C6: Sub Group Name | D6: Test Case Description | E6: Precondition | F6: Test Case Procedure | G6: Test data | H6: Expected Output | I6: Result | J6: Tester | K6: Priority | L6: Status
A7: ="TC-" & TEXT( ROW()-ROW($A$7)+1 + COUNTIF('Đăng ký'!A:A,"TC-*") + COUNTIF('Đăng nhập'!A:A,"TC-*") + COUNTIF('Tìm kiếm bài viết'!A:A,"TC-*") + COUNTIF('Xem chủ đề bài viết'!A:A,"TC-*") + COUNTIF('Xem chi tiết bài viết'!A:A,"TC-*"),"000") -> TC-059 | B7: Access right | D7: Kiểm tra truy cập chức năng tìm kiếm | E7: Người dùng đã vào website | F7: 1. Click vào Trang chủ 2. Quan sát form tìm kiếm | H7: 1. Hiển thị form tìm kiếm chuyến đi | I7: Pass | J7: Trần Thị Phương Thảo | K7: P1 | L7: Ready
A8: ="TC-" & TEXT( ROW()-ROW($A$7)+1 + COUNTIF('Đăng ký'!A:A,"TC-*") + COUNTIF('Đăng nhập'!A:A,"TC-*") + COUNTIF('Tìm kiếm bài viết'!A:A,"TC-*") + COUNTIF('Xem chủ đề bài viết'!A:A,"TC-*") + COUNTIF('Xem chi tiết bài viết'!A:A,"TC-*"),"000") -> TC-060 | B8: UI | D8: Kiểm tra số lượng các item | F8: 1. Kiểm tra số lượng các item | H8: 1. Hiển thị đúng số lượng các item trên màn hình | I8: Pass | J8: Trần Thị Phương Thảo | K8: P1 | L8: Ready
A9: ="TC-" & TEXT( ROW()-ROW($A$7)+1 + COUNTIF('Đăng ký'!A:A,"TC-*") + COUNTIF('Đăng nhập'!A:A,"TC-*") + COUNTIF('Tìm kiếm bài viết'!A:A,"TC-*") + COUNTIF('Xem chủ đề bài viết'!A:A,"TC-*") + COUNTIF('Xem chi tiết bài viết'!A:A,"TC-*"),"000") -> TC-061 | D9: Kiểm tra vị trí, font chữ, size chữ, màu sắc | F9: 1. Kiểm tra vị trí, font chữ, size chữ, màu sắc | H9: 1. Hiển thị đúng theo design | I9: Pass | J9: Trần Thị Phương Thảo | K9: P2 | L9: Ready
A10: ="TC-" & TEXT( ROW()-ROW($A$7)+1 + COUNTIF('Đăng ký'!A:A,"TC-*") + COUNTIF('Đăng nhập'!A:A,"TC-*") + COUNTIF('Tìm kiếm bài viết'!A:A,"TC-*") + COUNTIF('Xem chủ đề bài viết'!A:A,"TC-*") + COUNTIF('Xem chi tiết bài viết'!A:A,"TC-*"),"000") -> TC-062 | D10: Kiểm tra danh sách Ga đi | E10: Người dùng click dropdown | F10: 1. Click chọn Ga đi | H10: 1. Hiển thị danh sách các ga từ database | I10: Pass | J10: Trần Thị Phương Thảo | K10: P2 | L10: Ready
A11: ="TC-" & TEXT( ROW()-ROW($A$7)+1 + COUNTIF('Đăng ký'!A:A,"TC-*") + COUNTIF('Đăng nhập'!A:A,"TC-*") + COUNTIF('Tìm kiếm bài viết'!A:A,"TC-*") + COUNTIF('Xem chủ đề bài viết'!A:A,"TC-*") + COUNTIF('Xem chi tiết bài viết'!A:A,"TC-*"),"000") -> TC-063 | D11: Kiểm tra danh sách Ga đến | F11: 1. Click chọn Ga đến | H11: 1. Hiển thị danh sách các ga từ database | I11: Pass | J11: Trần Thị Phương Thảo | K11: P2 | L11: Ready
A12: ="TC-" & TEXT( ROW()-ROW($A$7)+1 + COUNTIF('Đăng ký'!A:A,"TC-*") + COUNTIF('Đăng nhập'!A:A,"TC-*") + COUNTIF('Tìm kiếm bài viết'!A:A,"TC-*") + COUNTIF('Xem chủ đề bài viết'!A:A,"TC-*") + COUNTIF('Xem chi tiết bài viết'!A:A,"TC-*"),"000") -> TC-064 | D12: Kiểm tra trạng thái | F12: 1. Kiểm tra trạng thái các item | H12: 1. Các item đều ở trạng thái enable | I12: Pass | J12: Trần Thị Phương Thảo | K12: P1 | L12: Ready
A13: ="TC-" & TEXT( ROW()-ROW($A$7)+1 + COUNTIF('Đăng ký'!A:A,"TC-*") + COUNTIF('Đăng nhập'!A:A,"TC-*") + COUNTIF('Tìm kiếm bài viết'!A:A,"TC-*") + COUNTIF('Xem chủ đề bài viết'!A:A,"TC-*") + COUNTIF('Xem chi tiết bài viết'!A:A,"TC-*"),"000") -> TC-065 | D13: Kiểm tra giá trị default | F13: 1. Kiểm tra các giá trị default | H13: 1. Các text box đều hiển thị trắng | I13: Pass | J13: Trần Thị Phương Thảo | K13: P2 | L13: Ready
A14: ="TC-" & TEXT( ROW()-ROW($A$7)+1 + COUNTIF('Đăng ký'!A:A,"TC-*") + COUNTIF('Đăng nhập'!A:A,"TC-*") + COUNTIF('Tìm kiếm bài viết'!A:A,"TC-*") + COUNTIF('Xem chủ đề bài viết'!A:A,"TC-*") + COUNTIF('Xem chi tiết bài viết'!A:A,"TC-*"),"000") -> TC-066 | B14: Check Validation | D14: Kiểm tra bỏ trống tất cả | E14: Người dùng đang ở form tìm kiếm | F14: 1. Click “Tra cứu” khi chưa nhập | H14: 2. Hệ thống hiển thị thông báo lỗi: "Please fill out this field" | I14: Pass | J14: Trần Thị Phương Thảo | K14: P1 | L14: Ready
A15: ="TC-" & TEXT( ROW()-ROW($A$7)+1 + COUNTIF('Đăng ký'!A:A,"TC-*") + COUNTIF('Đăng nhập'!A:A,"TC-*") + COUNTIF('Tìm kiếm bài viết'!A:A,"TC-*") + COUNTIF('Xem chủ đề bài viết'!A:A,"TC-*") + COUNTIF('Xem chi tiết bài viết'!A:A,"TC-*"),"000") -> TC-067 | C15: Ngày đi | D15: Kiểm tra không nhập ngày đi | F15: 1. Nhập thông tin: - Ngày đi: Bỏ trống - Nhập giá trị hợp lệ cho các trường thông tin còn lại 2. Click button Tra cứu | H15: 2. Hệ thống hiển thị thông báo lỗi: "Please fill out this field" | I15: Pass | J15: Trần Thị Phương Thảo | K15: P1 | L15: Ready
A16: ="TC-" & TEXT( ROW()-ROW($A$7)+1 + COUNTIF('Đăng ký'!A:A,"TC-*") + COUNTIF('Đăng nhập'!A:A,"TC-*") + COUNTIF('Tìm kiếm bài viết'!A:A,"TC-*") + COUNTIF('Xem chủ đề bài viết'!A:A,"TC-*") + COUNTIF('Xem chi tiết bài viết'!A:A,"TC-*"),"000") -> TC-068 | D16: Kiểm tra chọn ngày đi trong quá khứ | F16: 1. 1. Nhập thông tin: - Chọn ngày đi < ngày hiện tại 2. Click Tra cứu | G16: 46110 | H16: 2. Hệ thống không cho chọn ngày nhỏ hơn ngày hiện tại | I16: Pass | J16: Trần Thị Phương Thảo | K16: P1 | L16: Ready
A17: ="TC-" & TEXT( ROW()-ROW($A$7)+1 + COUNTIF('Đăng ký'!A:A,"TC-*") + COUNTIF('Đăng nhập'!A:A,"TC-*") + COUNTIF('Tìm kiếm bài viết'!A:A,"TC-*") + COUNTIF('Xem chủ đề bài viết'!A:A,"TC-*") + COUNTIF('Xem chi tiết bài viết'!A:A,"TC-*"),"000") -> TC-069 | C17: Ngày về | D17: Kiểm tra không nhập ngày về | F17: 1. Nhập thông tin: - Ngày đi: Bỏ trống - Nhập giá trị hợp lệ cho các trường thông tin còn lại 2. Click button Tra cứu | I17: Pass | J17: Trần Thị Phương Thảo | K17: P1 | L17: Ready
A18: ="TC-" & TEXT( ROW()-ROW($A$7)+1 + COUNTIF('Đăng ký'!A:A,"TC-*") + COUNTIF('Đăng nhập'!A:A,"TC-*") + COUNTIF('Tìm kiếm bài viết'!A:A,"TC-*") + COUNTIF('Xem chủ đề bài viết'!A:A,"TC-*") + COUNTIF('Xem chi tiết bài viết'!A:A,"TC-*"),"000") -> TC-070 | D18: Kiểm tra chọn ngày nhỏ hơn ngày đi | F18: 1. Nhập thông tin: - Chọn ngày về < ngày đi - Nhập giá trị hợp lệ cho các trường thông tin còn lại 2. Click Tra cứu | H18: 2. Hệ thống hiển thị thông báo: Return date must be greater than or equal to departure date! | I18: Pass | J18: Trần Thị Phương Thảo | K18: P1 | L18: Ready
A19: ="TC-" & TEXT( ROW()-ROW($A$7)+1 + COUNTIF('Đăng ký'!A:A,"TC-*") + COUNTIF('Đăng nhập'!A:A,"TC-*") + COUNTIF('Tìm kiếm bài viết'!A:A,"TC-*") + COUNTIF('Xem chủ đề bài viết'!A:A,"TC-*") + COUNTIF('Xem chi tiết bài viết'!A:A,"TC-*"),"000") -> TC-071 | B19: Check business | C19: Kiểm tra button Tra cứu | D19: Kiểm tra người dùng tìm kiếm hợp lệ | E19: Người dùng đang ở form tìm kiếm | F19: 1. Nhập thông tin: - Nhập giá trị hợp lệ cho các trường thông tin còn lại 2. Click button Tra cứu | G19: HÀ NỘI - TP HCM | H19: 2. Hệ thống hiển thị thông tin chuyến đi phù hợp | I19: Pass | J19: Trần Thị Phương Thảo | K19: P1 | L19: Ready
A20: ="TC-" & TEXT( ROW()-ROW($A$7)+1 + COUNTIF('Đăng ký'!A:A,"TC-*") + COUNTIF('Đăng nhập'!A:A,"TC-*") + COUNTIF('Tìm kiếm bài viết'!A:A,"TC-*") + COUNTIF('Xem chủ đề bài viết'!A:A,"TC-*") + COUNTIF('Xem chi tiết bài viết'!A:A,"TC-*"),"000") -> TC-072 | D20: Kiểm tra tìm kiếm không có kết quả | E20: Không có chuyến phù hợp | F20: 1. Nhập tìm kiếm với dữ liệu không tồn tại 2. Click button Tra cứu | H20: 2. Hệ thống không hiển thị thông tin chuyến đi phù hợp | I20: Pass | J20: Trần Thị Phương Thảo | K20: P1 | L20: Ready

Sheet Xem danh sách chuyến tàu
A1: Module Code | B1: Xem danh sách chuyến tàu
A2: Test requirement | B2: <Brief description about requirements which are tested in this sheet>
A3: Tester
A4: Pass | B4: Fail | C4: Untested | D4: N/A | E4: Number of Test cases
A5: =COUNTIF(I6:I992,"Pass") -> 7 | B5: =COUNTIF(I6:I992,"Fail") -> 0 | C5: =E5-D5-A5-B5 -> 1 | D5: =COUNTIF(H$6:I$993,"N/A") -> 0 | E5: =COUNTA(A6:A996) -> 8
A6: Test Case ID | B6: Group Name | C6: Sub Group Name | D6: Test Case Description | E6: Precondition | F6: Test Case Procedure | G6: Test data | H6: Expected Output | I6: Result | J6: Tester | K6: Priority | L6: Status
A7: ="TC-" & TEXT( ROW()-ROW($A$7)+1 + COUNTIF('Đăng ký'!A:A,"TC-*") + COUNTIF('Đăng nhập'!A:A,"TC-*") + COUNTIF('Tìm kiếm bài viết'!A:A,"TC-*") + COUNTIF('Xem chủ đề bài viết'!A:A,"TC-*") + COUNTIF('Xem chi tiết bài viết'!A:A,"TC-*") + COUNTIF('Tìm kiếm chuyến đi'!A:A,"TC-*"),"000") -> TC-073 | B7: Access right | D7: Kiểm tra truy cập trang “Tất cả chuyến đi” | E7: Người dùng đã vào website | F7: 1. Click menu “Tất cả chuyến đi” | H7: 1. Hiển thị trang danh sách chuyến tàu | I7: Pass | J7: Trần Thị Phương Thảo | K7: P1 | L7: Ready
A8: ="TC-" & TEXT( ROW()-ROW($A$7)+1 + COUNTIF('Đăng ký'!A:A,"TC-*") + COUNTIF('Đăng nhập'!A:A,"TC-*") + COUNTIF('Tìm kiếm bài viết'!A:A,"TC-*") + COUNTIF('Xem chủ đề bài viết'!A:A,"TC-*") + COUNTIF('Xem chi tiết bài viết'!A:A,"TC-*") + COUNTIF('Tìm kiếm chuyến đi'!A:A,"TC-*"),"000") -> TC-074 | B8: UI | D8: Kiểm tra hiển thị danh sách chuyến tàu | E8: Người dung đang ở trang “Tất cả chuyến đi” | F8: 1. Quan sát danh sách | H8: 1. Hiển thị danh sách chuyến tàu từ database | I8: Pass | J8: Trần Thị Phương Thảo | K8: P1 | L8: Ready
A9: ="TC-" & TEXT( ROW()-ROW($A$7)+1 + COUNTIF('Đăng ký'!A:A,"TC-*") + COUNTIF('Đăng nhập'!A:A,"TC-*") + COUNTIF('Tìm kiếm bài viết'!A:A,"TC-*") + COUNTIF('Xem chủ đề bài viết'!A:A,"TC-*") + COUNTIF('Xem chi tiết bài viết'!A:A,"TC-*") + COUNTIF('Tìm kiếm chuyến đi'!A:A,"TC-*"),"000") -> TC-075 | D9: Kiểm tra vị trí, font chữ, size chữ, màu sắc | F9: 1. Kiểm tra vị trí, font chữ, size chữ, màu sắc | H9: 1. Hiển thị đúng theo design | I9: Pass | J9: Trần Thị Phương Thảo | K9: P2 | L9: Ready
A10: ="TC-" & TEXT( ROW()-ROW($A$7)+1 + COUNTIF('Đăng ký'!A:A,"TC-*") + COUNTIF('Đăng nhập'!A:A,"TC-*") + COUNTIF('Tìm kiếm bài viết'!A:A,"TC-*") + COUNTIF('Xem chủ đề bài viết'!A:A,"TC-*") + COUNTIF('Xem chi tiết bài viết'!A:A,"TC-*") + COUNTIF('Tìm kiếm chuyến đi'!A:A,"TC-*"),"000") -> TC-076 | D10: Kiểm tra trạng thái button | F10: 1. Kiểm tra nút “Chi tiết” | H10: 1. Button enable và click được | I10: Pass | J10: Trần Thị Phương Thảo | K10: P2 | L10: Ready
A11: ="TC-" & TEXT( ROW()-ROW($A$7)+1 + COUNTIF('Đăng ký'!A:A,"TC-*") + COUNTIF('Đăng nhập'!A:A,"TC-*") + COUNTIF('Tìm kiếm bài viết'!A:A,"TC-*") + COUNTIF('Xem chủ đề bài viết'!A:A,"TC-*") + COUNTIF('Xem chi tiết bài viết'!A:A,"TC-*") + COUNTIF('Tìm kiếm chuyến đi'!A:A,"TC-*"),"000") -> TC-077 | D11: Kiểm tra layout hiển thị | F11: 1. Quan sát UI | H11: 1. Hiển thị đúng design, không lỗi layout | I11: Pass | J11: Trần Thị Phương Thảo | K11: P2 | L11: Ready
A12: ="TC-" & TEXT( ROW()-ROW($A$7)+1 + COUNTIF('Đăng ký'!A:A,"TC-*") + COUNTIF('Đăng nhập'!A:A,"TC-*") + COUNTIF('Tìm kiếm bài viết'!A:A,"TC-*") + COUNTIF('Xem chủ đề bài viết'!A:A,"TC-*") + COUNTIF('Xem chi tiết bài viết'!A:A,"TC-*") + COUNTIF('Tìm kiếm chuyến đi'!A:A,"TC-*"),"000") -> TC-078 | B12: Check business | D12: Kiểm tra khi không có dữ liệu | E12: Hệ thống không có chuyến tàu | F12: 1. Truy cập danh sách | H12: 1. Hệ thống không hiển thị danh sách chuyến tàu | I12: Pass | J12: Trần Thị Phương Thảo | K12: P1 | L12: Ready
A13: ="TC-" & TEXT( ROW()-ROW($A$7)+1 + COUNTIF('Đăng ký'!A:A,"TC-*") + COUNTIF('Đăng nhập'!A:A,"TC-*") + COUNTIF('Tìm kiếm bài viết'!A:A,"TC-*") + COUNTIF('Xem chủ đề bài viết'!A:A,"TC-*") + COUNTIF('Xem chi tiết bài viết'!A:A,"TC-*") + COUNTIF('Tìm kiếm chuyến đi'!A:A,"TC-*"),"000") -> TC-079 | D13: Kiểm tra chuyển trang | E13: Có phân trang | F13: 1. Click trang 2 | H13: 2. Hiển thị đúng dữ liệu trang 2 | I13: Pass | J13: Trần Thị Phương Thảo | K13: P2 | L13: Ready

Sheet Xem chi tiết chuyến tàu
A1: Module Code | B1: Xem chi tiết chuyến tàu
A2: Test requirement | B2: <Brief description about requirements which are tested in this sheet>
A3: Tester
A4: Pass | B4: Fail | C4: Untested | D4: N/A | E4: Number of Test cases
A5: =COUNTIF(I6:I994,"Pass") -> 6 | B5: =COUNTIF(I6:I994,"Fail") -> 0 | C5: =E5-D5-A5-B5 -> 1 | D5: =COUNTIF(H$6:I$995,"N/A") -> 0 | E5: =COUNTA(A6:A998) -> 7
A6: Test Case ID | B6: Group Name | C6: Sub Group Name | D6: Test Case Description | E6: Precondition | F6: Test Case Procedure | G6: Test data | H6: Expected Output | I6: Result | J6: Tester | K6: Priority | L6: Status
A7: ="TC-" & TEXT( ROW()-ROW($A$7)+1 + COUNTIF('Đăng ký'!A:A,"TC-*") + COUNTIF('Đăng nhập'!A:A,"TC-*") + COUNTIF('Tìm kiếm bài viết'!A:A,"TC-*") + COUNTIF('Xem chủ đề bài viết'!A:A,"TC-*") + COUNTIF('Xem chi tiết bài viết'!A:A,"TC-*") + COUNTIF('Tìm kiếm chuyến đi'!A:A,"TC-*") + COUNTIF('Xem danh sách chuyến tàu'!A:A,"TC-*"),"000") -> TC-080 | B7: Access right | D7: Kiểm tra truy cập màn hình chi tiết chuyến tàu | E7: Người dùng đang ở danh sách chuyến tàu | F7: 1. Click “Detail” 1 chuyến tàu | H7: 1. Hiển thị màn hình chi tiết chuyến tàu | I7: Pass | J7: Trần Thị Phương Thảo | K7: P1 | L7: Ready
A8: ="TC-" & TEXT( ROW()-ROW($A$7)+1 + COUNTIF('Đăng ký'!A:A,"TC-*") + COUNTIF('Đăng nhập'!A:A,"TC-*") + COUNTIF('Tìm kiếm bài viết'!A:A,"TC-*") + COUNTIF('Xem chủ đề bài viết'!A:A,"TC-*") + COUNTIF('Xem chi tiết bài viết'!A:A,"TC-*") + COUNTIF('Tìm kiếm chuyến đi'!A:A,"TC-*") + COUNTIF('Xem danh sách chuyến tàu'!A:A,"TC-*"),"000") -> TC-081 | B8: UI | D8: Kiểm tra hiển thị đầy đủ thông tin | E8: Người dùng đang ở màn hình chi tiết | F8: 1. Quan sát thông tin | H8: 1. Hiển thị: mã chuyến, ga đi, ga đến, giờ đi, giờ đến, giá vé, số ghế | I8: Pass | J8: Trần Thị Phương Thảo | K8: P1 | L8: Ready
A9: ="TC-" & TEXT( ROW()-ROW($A$7)+1 + COUNTIF('Đăng ký'!A:A,"TC-*") + COUNTIF('Đăng nhập'!A:A,"TC-*") + COUNTIF('Tìm kiếm bài viết'!A:A,"TC-*") + COUNTIF('Xem chủ đề bài viết'!A:A,"TC-*") + COUNTIF('Xem chi tiết bài viết'!A:A,"TC-*") + COUNTIF('Tìm kiếm chuyến đi'!A:A,"TC-*") + COUNTIF('Xem danh sách chuyến tàu'!A:A,"TC-*"),"000") -> TC-082 | D9: Kiểm tra định dạng dữ liệu | F9: 1. Quan sát dữ liệu | H9: 1. Ngày giờ đúng format, giá tiền đúng định dạng | I9: Pass | J9: Trần Thị Phương Thảo | K9: P2 | L9: Ready
A10: ="TC-" & TEXT( ROW()-ROW($A$7)+1 + COUNTIF('Đăng ký'!A:A,"TC-*") + COUNTIF('Đăng nhập'!A:A,"TC-*") + COUNTIF('Tìm kiếm bài viết'!A:A,"TC-*") + COUNTIF('Xem chủ đề bài viết'!A:A,"TC-*") + COUNTIF('Xem chi tiết bài viết'!A:A,"TC-*") + COUNTIF('Tìm kiếm chuyến đi'!A:A,"TC-*") + COUNTIF('Xem danh sách chuyến tàu'!A:A,"TC-*"),"000") -> TC-083 | D10: Kiểm tra vị trí, font chữ, size chữ, màu sắc | F10: 1. Kiểm tra vị trí, font chữ, size chữ, màu sắc | H10: 1. Hiển thị đúng theo design | I10: Pass | J10: Trần Thị Phương Thảo | K10: P2 | L10: Ready
A11: ="TC-" & TEXT( ROW()-ROW($A$7)+1 + COUNTIF('Đăng ký'!A:A,"TC-*") + COUNTIF('Đăng nhập'!A:A,"TC-*") + COUNTIF('Tìm kiếm bài viết'!A:A,"TC-*") + COUNTIF('Xem chủ đề bài viết'!A:A,"TC-*") + COUNTIF('Xem chi tiết bài viết'!A:A,"TC-*") + COUNTIF('Tìm kiếm chuyến đi'!A:A,"TC-*") + COUNTIF('Xem danh sách chuyến tàu'!A:A,"TC-*"),"000") -> TC-084 | B11: Check business | D11: Kiểm tra click xem chi tiết | E11: Có danh sách chuyến tàu | F11: 1. Click “Chi tiết” 1 chuyến | H11: 2. Hiển thị thông tin chi tiết chuyến tàu | I11: Pass | J11: Trần Thị Phương Thảo | K11: P1 | L11: Ready
A12: ="TC-" & TEXT( ROW()-ROW($A$7)+1 + COUNTIF('Đăng ký'!A:A,"TC-*") + COUNTIF('Đăng nhập'!A:A,"TC-*") + COUNTIF('Tìm kiếm bài viết'!A:A,"TC-*") + COUNTIF('Xem chủ đề bài viết'!A:A,"TC-*") + COUNTIF('Xem chi tiết bài viết'!A:A,"TC-*") + COUNTIF('Tìm kiếm chuyến đi'!A:A,"TC-*") + COUNTIF('Xem danh sách chuyến tàu'!A:A,"TC-*"),"000") -> TC-085 | D12: Kiểm tra chuyển trang | E12: Có phân trang | F12: 1. Click trang 2 | H12: 2. Hiển thị đúng dữ liệu trang 2 | I12: Pass | J12: Trần Thị Phương Thảo | K12: P2 | L12: Ready

Sheet Đặt vé
A1: Module Code | B1: Đặt vé
A2: Test requirement | B2: <Brief description about requirements which are tested in this sheet>
A3: Tester
A4: Pass | B4: Fail | C4: Untested | D4: N/A | E4: Number of Test cases
A5: =COUNTIF(I6:I991,"Pass") -> 15 | B5: =COUNTIF(I6:I991,"Fail") -> 0 | C5: =E5-D5-A5-B5 -> 1 | D5: =COUNTIF(H$6:I$992,"N/A") -> 0 | E5: =COUNTA(A6:A995) -> 16
A6: Test Case ID | B6: Group Name | C6: Sub Group Name | D6: Test Case Description | E6: Precondition | F6: Test Case Procedure | G6: Test data | H6: Expected Output | I6: Result | J6: Tester | K6: Priority | L6: Status
A7: ="TC-" & TEXT( ROW()-ROW($A$7)+1 + COUNTIF('Đăng ký'!A:A,"TC-*") + COUNTIF('Đăng nhập'!A:A,"TC-*") + COUNTIF('Tìm kiếm bài viết'!A:A,"TC-*") + COUNTIF('Xem chủ đề bài viết'!A:A,"TC-*") + COUNTIF('Xem chi tiết bài viết'!A:A,"TC-*") + COUNTIF('Tìm kiếm chuyến đi'!A:A,"TC-*") + COUNTIF('Xem danh sách chuyến tàu'!A:A,"TC-*") + COUNTIF('Xem chi tiết chuyến tàu'!A:A,"TC-*"),"000") -> TC-086 | B7: Access right | D7: Kiểm tra vào màn hình đặt vé | E7: Người dùng đã đăng nhập tài khoản | F7: 1. Chọn chuyến tàu 2. Click “Book” | H7: 1. Hiển thị màn hình đặt vé với các thông tin | I7: Pass | J7: Trần Thị Phương Thảo | K7: P1 | L7: Ready
A8: ="TC-" & TEXT( ROW()-ROW($A$7)+1 + COUNTIF('Đăng ký'!A:A,"TC-*") + COUNTIF('Đăng nhập'!A:A,"TC-*") + COUNTIF('Tìm kiếm bài viết'!A:A,"TC-*") + COUNTIF('Xem chủ đề bài viết'!A:A,"TC-*") + COUNTIF('Xem chi tiết bài viết'!A:A,"TC-*") + COUNTIF('Tìm kiếm chuyến đi'!A:A,"TC-*") + COUNTIF('Xem danh sách chuyến tàu'!A:A,"TC-*") + COUNTIF('Xem chi tiết chuyến tàu'!A:A,"TC-*"),"000") -> TC-087 | D8: Kiểm tra truy cập chức năng đặt vé khi chưa đăng nhập | E8: Người dùng chưa đăng nhập tài khoản | F8: 1. Chọn chuyến tàu 2. Click “Book” | H8: 1. Hệ thống chuyển sang màn hình yêu cầu đăng nhập | I8: Pass | J8: Trần Thị Phương Thảo | K8: P1 | L8: Ready
A9: ="TC-" & TEXT( ROW()-ROW($A$7)+1 + COUNTIF('Đăng ký'!A:A,"TC-*") + COUNTIF('Đăng nhập'!A:A,"TC-*") + COUNTIF('Tìm kiếm bài viết'!A:A,"TC-*") + COUNTIF('Xem chủ đề bài viết'!A:A,"TC-*") + COUNTIF('Xem chi tiết bài viết'!A:A,"TC-*") + COUNTIF('Tìm kiếm chuyến đi'!A:A,"TC-*") + COUNTIF('Xem danh sách chuyến tàu'!A:A,"TC-*") + COUNTIF('Xem chi tiết chuyến tàu'!A:A,"TC-*"),"000") -> TC-088 | B9: UI | D9: Kiểm tra hiển thị thông tin chuyến tàu | E9: Đang ở màn hình đặt vé | F9: 1. Quan sát thông tin chuyến | H9: 1. Hiển thị đúng số lượng các item trên màn hình | I9: Pass | J9: Trần Thị Phương Thảo | K9: P2 | L9: Ready
A10: ="TC-" & TEXT( ROW()-ROW($A$7)+1 + COUNTIF('Đăng ký'!A:A,"TC-*") + COUNTIF('Đăng nhập'!A:A,"TC-*") + COUNTIF('Tìm kiếm bài viết'!A:A,"TC-*") + COUNTIF('Xem chủ đề bài viết'!A:A,"TC-*") + COUNTIF('Xem chi tiết bài viết'!A:A,"TC-*") + COUNTIF('Tìm kiếm chuyến đi'!A:A,"TC-*") + COUNTIF('Xem danh sách chuyến tàu'!A:A,"TC-*") + COUNTIF('Xem chi tiết chuyến tàu'!A:A,"TC-*"),"000") -> TC-089 | D10: Kiểm tra vị trí, font chữ, size chữ, màu sắc | F10: 1. Kiểm tra vị trí, font chữ, size chữ, màu sắc | H10: 1. Hiển thị đúng theo design | I10: Pass | J10: Trần Thị Phương Thảo | K10: P2 | L10: Ready
A11: ="TC-" & TEXT( ROW()-ROW($A$7)+1 + COUNTIF('Đăng ký'!A:A,"TC-*") + COUNTIF('Đăng nhập'!A:A,"TC-*") + COUNTIF('Tìm kiếm bài viết'!A:A,"TC-*") + COUNTIF('Xem chủ đề bài viết'!A:A,"TC-*") + COUNTIF('Xem chi tiết bài viết'!A:A,"TC-*") + COUNTIF('Tìm kiếm chuyến đi'!A:A,"TC-*") + COUNTIF('Xem danh sách chuyến tàu'!A:A,"TC-*") + COUNTIF('Xem chi tiết chuyến tàu'!A:A,"TC-*"),"000") -> TC-090 | D11: Kiểm tra trạng thái | F11: 1. Kiểm tra trạng thái các item | H11: 1. Các item đều ở trạng thái enable | I11: Pass | J11: Trần Thị Phương Thảo | K11: P2 | L11: Ready
A12: ="TC-" & TEXT( ROW()-ROW($A$7)+1 + COUNTIF('Đăng ký'!A:A,"TC-*") + COUNTIF('Đăng nhập'!A:A,"TC-*") + COUNTIF('Tìm kiếm bài viết'!A:A,"TC-*") + COUNTIF('Xem chủ đề bài viết'!A:A,"TC-*") + COUNTIF('Xem chi tiết bài viết'!A:A,"TC-*") + COUNTIF('Tìm kiếm chuyến đi'!A:A,"TC-*") + COUNTIF('Xem danh sách chuyến tàu'!A:A,"TC-*") + COUNTIF('Xem chi tiết chuyến tàu'!A:A,"TC-*"),"000") -> TC-091 | D12: Kiểm tra giá trị default | F12: 1. Kiểm tra các giá trị default | H12: 1. Các text box đều hiển thị trắng | I12: Pass | J12: Trần Thị Phương Thảo | K12: P2 | L12: Ready
A13: ="TC-" & TEXT( ROW()-ROW($A$7)+1 + COUNTIF('Đăng ký'!A:A,"TC-*") + COUNTIF('Đăng nhập'!A:A,"TC-*") + COUNTIF('Tìm kiếm bài viết'!A:A,"TC-*") + COUNTIF('Xem chủ đề bài viết'!A:A,"TC-*") + COUNTIF('Xem chi tiết bài viết'!A:A,"TC-*") + COUNTIF('Tìm kiếm chuyến đi'!A:A,"TC-*") + COUNTIF('Xem danh sách chuyến tàu'!A:A,"TC-*") + COUNTIF('Xem chi tiết chuyến tàu'!A:A,"TC-*"),"000") -> TC-092 | D13: Kiểm tra dropdown Gender | F13: 1. Click dropdown | H13: 1. Hiển thị danh sách (Male/Female) | I13: Pass | J13: Trần Thị Phương Thảo | K13: P2 | L13: Ready
A14: ="TC-" & TEXT( ROW()-ROW($A$7)+1 + COUNTIF('Đăng ký'!A:A,"TC-*") + COUNTIF('Đăng nhập'!A:A,"TC-*") + COUNTIF('Tìm kiếm bài viết'!A:A,"TC-*") + COUNTIF('Xem chủ đề bài viết'!A:A,"TC-*") + COUNTIF('Xem chi tiết bài viết'!A:A,"TC-*") + COUNTIF('Tìm kiếm chuyến đi'!A:A,"TC-*") + COUNTIF('Xem danh sách chuyến tàu'!A:A,"TC-*") + COUNTIF('Xem chi tiết chuyến tàu'!A:A,"TC-*"),"000") -> TC-093 | D14: Kiểm tra dropdown National | F14: 1. Click dropdown | H14: 1. Hiển thị danh sách quốc gia | I14: Pass | J14: Trần Thị Phương Thảo | K14: P2 | L14: Ready
A15: ="TC-" & TEXT( ROW()-ROW($A$7)+1 + COUNTIF('Đăng ký'!A:A,"TC-*") + COUNTIF('Đăng nhập'!A:A,"TC-*") + COUNTIF('Tìm kiếm bài viết'!A:A,"TC-*") + COUNTIF('Xem chủ đề bài viết'!A:A,"TC-*") + COUNTIF('Xem chi tiết bài viết'!A:A,"TC-*") + COUNTIF('Tìm kiếm chuyến đi'!A:A,"TC-*") + COUNTIF('Xem danh sách chuyến tàu'!A:A,"TC-*") + COUNTIF('Xem chi tiết chuyến tàu'!A:A,"TC-*"),"000") -> TC-094 | B15: Check Validation | C15: Passenger | D15: Kiểm tra không nhập tên hành khách | E15: Đang ở màn hình đặt vé | F15: 1. Nhập thông tin: - Passenger: bỏ trống - Nhập giá trị hợp lệ cho các trường thông tin còn lại 2. Click button Next | H15: 2. Hệ thống hiển thị thông báo lỗi: "Please fill out this field" | I15: Pass | J15: Trần Thị Phương Thảo | K15: P1 | L15: Ready
A16: ="TC-" & TEXT( ROW()-ROW($A$7)+1 + COUNTIF('Đăng ký'!A:A,"TC-*") + COUNTIF('Đăng nhập'!A:A,"TC-*") + COUNTIF('Tìm kiếm bài viết'!A:A,"TC-*") + COUNTIF('Xem chủ đề bài viết'!A:A,"TC-*") + COUNTIF('Xem chi tiết bài viết'!A:A,"TC-*") + COUNTIF('Tìm kiếm chuyến đi'!A:A,"TC-*") + COUNTIF('Xem danh sách chuyến tàu'!A:A,"TC-*") + COUNTIF('Xem chi tiết chuyến tàu'!A:A,"TC-*"),"000") -> TC-095 | C16: Email | D16: Không nhập email | F16: 1. Nhập thông tin: - Email: bỏ trống - Nhập giá trị hợp lệ cho các trường thông tin còn lại 2. Click button Next | H16: 2. Hệ thống hiển thị thông báo lỗi: "Please fill out this field" | I16: Pass | J16: Trần Thị Phương Thảo | K16: P1 | L16: Ready
A17: ="TC-" & TEXT( ROW()-ROW($A$7)+1 + COUNTIF('Đăng ký'!A:A,"TC-*") + COUNTIF('Đăng nhập'!A:A,"TC-*") + COUNTIF('Tìm kiếm bài viết'!A:A,"TC-*") + COUNTIF('Xem chủ đề bài viết'!A:A,"TC-*") + COUNTIF('Xem chi tiết bài viết'!A:A,"TC-*") + COUNTIF('Tìm kiếm chuyến đi'!A:A,"TC-*") + COUNTIF('Xem danh sách chuyến tàu'!A:A,"TC-*") + COUNTIF('Xem chi tiết chuyến tàu'!A:A,"TC-*"),"000") -> TC-096 | D17: Kiểm tra nhập email sai định dạng | F17: 1. Nhập thông tin: - Email: thao.com - Nhập giá trị hợp lệ cho các trường thông tin còn lại 2. Click button Next | G17: Email: thao.com | H17: 2. Hệ thống hiển thị thông báo lỗi: “Please include an ‘@’ in the email address. ‘thao.com’ is missing an ‘@’” | I17: Pass | J17: Trần Thị Phương Thảo | K17: P1 | L17: Ready
A18: ="TC-" & TEXT( ROW()-ROW($A$7)+1 + COUNTIF('Đăng ký'!A:A,"TC-*") + COUNTIF('Đăng nhập'!A:A,"TC-*") + COUNTIF('Tìm kiếm bài viết'!A:A,"TC-*") + COUNTIF('Xem chủ đề bài viết'!A:A,"TC-*") + COUNTIF('Xem chi tiết bài viết'!A:A,"TC-*") + COUNTIF('Tìm kiếm chuyến đi'!A:A,"TC-*") + COUNTIF('Xem danh sách chuyến tàu'!A:A,"TC-*") + COUNTIF('Xem chi tiết chuyến tàu'!A:A,"TC-*"),"000") -> TC-097 | C18: Phone | D18: Kiểm tra không nhập số phone | F18: 1. Nhập thông tin: - Phone: bỏ trống - Nhập giá trị hợp lệ cho các trường thông tin còn lại 2. Click button Next | H18: 2. Hệ thống hiển thị thông báo lỗi: "Please fill out this field" | I18: Pass | J18: Trần Thị Phương Thảo | K18: P1 | L18: Ready
A19: ="TC-" & TEXT( ROW()-ROW($A$7)+1 + COUNTIF('Đăng ký'!A:A,"TC-*") + COUNTIF('Đăng nhập'!A:A,"TC-*") + COUNTIF('Tìm kiếm bài viết'!A:A,"TC-*") + COUNTIF('Xem chủ đề bài viết'!A:A,"TC-*") + COUNTIF('Xem chi tiết bài viết'!A:A,"TC-*") + COUNTIF('Tìm kiếm chuyến đi'!A:A,"TC-*") + COUNTIF('Xem danh sách chuyến tàu'!A:A,"TC-*") + COUNTIF('Xem chi tiết chuyến tàu'!A:A,"TC-*"),"000") -> TC-098 | C19: Message | D19: Kiểm tra không nhập Message | F19: 1. Nhập thông tin: - Message: bỏ trống - Nhập giá trị hợp lệ cho các trường thông tin còn lại 2. Click button Next | H19: 2. Hệ thống hiển thị thông báo lỗi: "Please fill out this field" | I19: Pass | J19: Trần Thị Phương Thảo | K19: P1 | L19: Ready
A20: ="TC-" & TEXT( ROW()-ROW($A$7)+1 + COUNTIF('Đăng ký'!A:A,"TC-*") + COUNTIF('Đăng nhập'!A:A,"TC-*") + COUNTIF('Tìm kiếm bài viết'!A:A,"TC-*") + COUNTIF('Xem chủ đề bài viết'!A:A,"TC-*") + COUNTIF('Xem chi tiết bài viết'!A:A,"TC-*") + COUNTIF('Tìm kiếm chuyến đi'!A:A,"TC-*") + COUNTIF('Xem danh sách chuyến tàu'!A:A,"TC-*") + COUNTIF('Xem chi tiết chuyến tàu'!A:A,"TC-*"),"000") -> TC-099 | D20: Kiểm tra khách hàng đặt vé bỏ trống không nhập tất cả thông tin | F20: 1.Nhập thông tin: Bỏ trống 2. Click button Next | H20: 2. Hệ thống hiển thị thông báo lỗi: "Please fill out this field" | I20: Pass | J20: Trần Thị Phương Thảo | K20: P1 | L20: Ready
A21: ="TC-" & TEXT( ROW()-ROW($A$7)+1 + COUNTIF('Đăng ký'!A:A,"TC-*") + COUNTIF('Đăng nhập'!A:A,"TC-*") + COUNTIF('Tìm kiếm bài viết'!A:A,"TC-*") + COUNTIF('Xem chủ đề bài viết'!A:A,"TC-*") + COUNTIF('Xem chi tiết bài viết'!A:A,"TC-*") + COUNTIF('Tìm kiếm chuyến đi'!A:A,"TC-*") + COUNTIF('Xem danh sách chuyến tàu'!A:A,"TC-*") + COUNTIF('Xem chi tiết chuyến tàu'!A:A,"TC-*"),"000") -> TC-100 | D21: Đặt vé thành công | F21: 1. Nhập đầy đủ thông tin hợp lệ 2. Click Next | H21: 2. Hệ thống đặt vé thành công thông và hiển thị chi tiết vé, thông tin được lưu trong database | I21: Pass | J21: Trần Thị Phương Thảo | K21: P1 | L21: Ready

Sheet Xem lịch sử đặt vé
A1: Module Code | B1: Xem lịch sử đặt vé
A2: Test requirement | B2: <Brief description about requirements which are tested in this sheet>
A3: Tester
A4: Pass | B4: Fail | C4: Untested | D4: N/A | E4: Number of Test cases
A5: =COUNTIF(I6:I995,"Pass") -> 10 | B5: =COUNTIF(I6:I995,"Fail") -> 0 | C5: =E5-D5-A5-B5 -> 1 | D5: =COUNTIF(H$6:I$996,"N/A") -> 0 | E5: =COUNTA(A6:A999) -> 11
A6: Test Case ID | B6: Group Name | C6: Sub Group Name | D6: Test Case Description | E6: Precondition | F6: Test Case Procedure | G6: Test data | H6: Expected Output | I6: Result | J6: Tester | K6: Priority | L6: Status
A7: ="TC-" & TEXT( ROW()-ROW($A$7)+1 + COUNTIF('Đăng ký'!A:A,"TC-*") + COUNTIF('Đăng nhập'!A:A,"TC-*") + COUNTIF('Tìm kiếm bài viết'!A:A,"TC-*") + COUNTIF('Xem chủ đề bài viết'!A:A,"TC-*") + COUNTIF('Xem chi tiết bài viết'!A:A,"TC-*") + COUNTIF('Tìm kiếm chuyến đi'!A:A,"TC-*") + COUNTIF('Xem danh sách chuyến tàu'!A:A,"TC-*") + COUNTIF('Xem chi tiết chuyến tàu'!A:A,"TC-*") + COUNTIF('Đặt vé'!A:A,"TC-*"),"000") -> TC-101 | B7: Access right | D7: Kiểm tra truy cập lịch sử vé khi chưa đăng nhập | E7: Người dùng chưa đăng nhập tài khoản | F7: 1. Truy cập website 2. Click “Tài khoản” | H7: 1. Chuyển hướng đến trang đăng nhập | I7: Pass | J7: Trần Thị Phương Thảo | K7: P1 | L7: Ready
A8: ="TC-" & TEXT( ROW()-ROW($A$7)+1 + COUNTIF('Đăng ký'!A:A,"TC-*") + COUNTIF('Đăng nhập'!A:A,"TC-*") + COUNTIF('Tìm kiếm bài viết'!A:A,"TC-*") + COUNTIF('Xem chủ đề bài viết'!A:A,"TC-*") + COUNTIF('Xem chi tiết bài viết'!A:A,"TC-*") + COUNTIF('Tìm kiếm chuyến đi'!A:A,"TC-*") + COUNTIF('Xem danh sách chuyến tàu'!A:A,"TC-*") + COUNTIF('Xem chi tiết chuyến tàu'!A:A,"TC-*") + COUNTIF('Đặt vé'!A:A,"TC-*"),"000") -> TC-102 | D8: Kiểm tra truy cập lịch sử vé khi đã đăng nhập | E8: Người dùng đã đăng nhập tài khoản | F8: 1. Truy cập website 2. Click “Tài khoản” | H8: 1. Hiển thị danh sách vé đã đặt | I8: Pass | J8: Trần Thị Phương Thảo | K8: P1 | L8: Ready
A9: ="TC-" & TEXT( ROW()-ROW($A$7)+1 + COUNTIF('Đăng ký'!A:A,"TC-*") + COUNTIF('Đăng nhập'!A:A,"TC-*") + COUNTIF('Tìm kiếm bài viết'!A:A,"TC-*") + COUNTIF('Xem chủ đề bài viết'!A:A,"TC-*") + COUNTIF('Xem chi tiết bài viết'!A:A,"TC-*") + COUNTIF('Tìm kiếm chuyến đi'!A:A,"TC-*") + COUNTIF('Xem danh sách chuyến tàu'!A:A,"TC-*") + COUNTIF('Xem chi tiết chuyến tàu'!A:A,"TC-*") + COUNTIF('Đặt vé'!A:A,"TC-*"),"000") -> TC-103 | B9: UI | D9: Kiểm tra hiển thị danh sách vé | E9: Đã đăng nhập | F9: 1. Vào “Tài khoản” | H9: 1. Hiển thị đúng số lượng các item trên màn hình | I9: Pass | J9: Trần Thị Phương Thảo | K9: P2 | L9: Ready
A10: ="TC-" & TEXT( ROW()-ROW($A$7)+1 + COUNTIF('Đăng ký'!A:A,"TC-*") + COUNTIF('Đăng nhập'!A:A,"TC-*") + COUNTIF('Tìm kiếm bài viết'!A:A,"TC-*") + COUNTIF('Xem chủ đề bài viết'!A:A,"TC-*") + COUNTIF('Xem chi tiết bài viết'!A:A,"TC-*") + COUNTIF('Tìm kiếm chuyến đi'!A:A,"TC-*") + COUNTIF('Xem danh sách chuyến tàu'!A:A,"TC-*") + COUNTIF('Xem chi tiết chuyến tàu'!A:A,"TC-*") + COUNTIF('Đặt vé'!A:A,"TC-*"),"000") -> TC-104 | D10: Kiểm tra hiển thị thông tin vé | F10: 1. Quan sát danh sách | H10: 1. Hiển thị đúng theo design | I10: Pass | J10: Trần Thị Phương Thảo | K10: P2 | L10: Ready
A11: ="TC-" & TEXT( ROW()-ROW($A$7)+1 + COUNTIF('Đăng ký'!A:A,"TC-*") + COUNTIF('Đăng nhập'!A:A,"TC-*") + COUNTIF('Tìm kiếm bài viết'!A:A,"TC-*") + COUNTIF('Xem chủ đề bài viết'!A:A,"TC-*") + COUNTIF('Xem chi tiết bài viết'!A:A,"TC-*") + COUNTIF('Tìm kiếm chuyến đi'!A:A,"TC-*") + COUNTIF('Xem danh sách chuyến tàu'!A:A,"TC-*") + COUNTIF('Xem chi tiết chuyến tàu'!A:A,"TC-*") + COUNTIF('Đặt vé'!A:A,"TC-*"),"000") -> TC-105 | D11: Kiểm tra font, màu sắc, vị trí | E11: Đã vào trang | F11: 1. Quan sát UI | H11: 1. Hiển thị đúng design | I11: Pass | J11: Trần Thị Phương Thảo | K11: P2 | L11: Ready
A12: ="TC-" & TEXT( ROW()-ROW($A$7)+1 + COUNTIF('Đăng ký'!A:A,"TC-*") + COUNTIF('Đăng nhập'!A:A,"TC-*") + COUNTIF('Tìm kiếm bài viết'!A:A,"TC-*") + COUNTIF('Xem chủ đề bài viết'!A:A,"TC-*") + COUNTIF('Xem chi tiết bài viết'!A:A,"TC-*") + COUNTIF('Tìm kiếm chuyến đi'!A:A,"TC-*") + COUNTIF('Xem danh sách chuyến tàu'!A:A,"TC-*") + COUNTIF('Xem chi tiết chuyến tàu'!A:A,"TC-*") + COUNTIF('Đặt vé'!A:A,"TC-*"),"000") -> TC-106 | D12: Kiểm tra trạng thái button | F12: 1. Kiểm tra nút “Detail Order” | H12: 1. Button enable và click được | I12: Pass | J12: Trần Thị Phương Thảo | K12: P2 | L12: Ready
A13: ="TC-" & TEXT( ROW()-ROW($A$7)+1 + COUNTIF('Đăng ký'!A:A,"TC-*") + COUNTIF('Đăng nhập'!A:A,"TC-*") + COUNTIF('Tìm kiếm bài viết'!A:A,"TC-*") + COUNTIF('Xem chủ đề bài viết'!A:A,"TC-*") + COUNTIF('Xem chi tiết bài viết'!A:A,"TC-*") + COUNTIF('Tìm kiếm chuyến đi'!A:A,"TC-*") + COUNTIF('Xem danh sách chuyến tàu'!A:A,"TC-*") + COUNTIF('Xem chi tiết chuyến tàu'!A:A,"TC-*") + COUNTIF('Đặt vé'!A:A,"TC-*"),"000") -> TC-107 | B13: Check Validation | D13: Kiểm tra khi không có vé | E13: Đã vào trang | F13: 1. Vào “Tài khoản” | H13: 2. Hệ thống không hiển thị danh sách vé đã đặt | I13: Pass | J13: Trần Thị Phương Thảo | K13: P1 | L13: Ready
A14: ="TC-" & TEXT( ROW()-ROW($A$7)+1 + COUNTIF('Đăng ký'!A:A,"TC-*") + COUNTIF('Đăng nhập'!A:A,"TC-*") + COUNTIF('Tìm kiếm bài viết'!A:A,"TC-*") + COUNTIF('Xem chủ đề bài viết'!A:A,"TC-*") + COUNTIF('Xem chi tiết bài viết'!A:A,"TC-*") + COUNTIF('Tìm kiếm chuyến đi'!A:A,"TC-*") + COUNTIF('Xem danh sách chuyến tàu'!A:A,"TC-*") + COUNTIF('Xem chi tiết chuyến tàu'!A:A,"TC-*") + COUNTIF('Đặt vé'!A:A,"TC-*"),"000") -> TC-108 | D14: Kiểm tra định dạng dữ liệu | F14: 1. Quan sát dữ liệu | H14: 2. Hệ thống hiển thị đúng dữ liệu | I14: Pass | J14: Trần Thị Phương Thảo | K14: P1 | L14: Ready
A15: ="TC-" & TEXT( ROW()-ROW($A$7)+1 + COUNTIF('Đăng ký'!A:A,"TC-*") + COUNTIF('Đăng nhập'!A:A,"TC-*") + COUNTIF('Tìm kiếm bài viết'!A:A,"TC-*") + COUNTIF('Xem chủ đề bài viết'!A:A,"TC-*") + COUNTIF('Xem chi tiết bài viết'!A:A,"TC-*") + COUNTIF('Tìm kiếm chuyến đi'!A:A,"TC-*") + COUNTIF('Xem danh sách chuyến tàu'!A:A,"TC-*") + COUNTIF('Xem chi tiết chuyến tàu'!A:A,"TC-*") + COUNTIF('Đặt vé'!A:A,"TC-*"),"000") -> TC-109 | B15: Check business | D15: Kiểm tra hiển thị danh sách vé từ DB | E15: Có dữ liệu vé | F15: 1. Vào “Tài khoản” | H15: 2. Dữ liệu lấy từ DAT_VE và hiển thị đúng | I15: Pass | J15: Trần Thị Phương Thảo | K15: P1 | L15: Ready
A16: ="TC-" & TEXT( ROW()-ROW($A$7)+1 + COUNTIF('Đăng ký'!A:A,"TC-*") + COUNTIF('Đăng nhập'!A:A,"TC-*") + COUNTIF('Tìm kiếm bài viết'!A:A,"TC-*") + COUNTIF('Xem chủ đề bài viết'!A:A,"TC-*") + COUNTIF('Xem chi tiết bài viết'!A:A,"TC-*") + COUNTIF('Tìm kiếm chuyến đi'!A:A,"TC-*") + COUNTIF('Xem danh sách chuyến tàu'!A:A,"TC-*") + COUNTIF('Xem chi tiết chuyến tàu'!A:A,"TC-*") + COUNTIF('Đặt vé'!A:A,"TC-*"),"000") -> TC-110 | D16: Xem chi tiết vé | E16: Có danh sách vé | F16: 1. Click “Detail Order” | H16: 2. Hiển thị chi tiết từ DAT_VE và CHI_TIET_VE | I16: Pass | J16: Trần Thị Phương Thảo | K16: P1 | L16: Ready

Sheet Hủy vé
A1: Module Code | B1: Hủy vé
A2: Test requirement | B2: <Brief description about requirements which are tested in this sheet>
A3: Tester
A4: Pass | B4: Fail | C4: Untested | D4: N/A | E4: Number of Test cases
A5: =COUNTIF(I6:I993,"Pass") -> 5 | B5: =COUNTIF(I6:I993,"Fail") -> 2 | C5: =E5-D5-A5-B5 -> 1 | D5: =COUNTIF(H$6:I$994,"N/A") -> 0 | E5: =COUNTA(A6:A997) -> 8
A6: Test Case ID | B6: Group Name | C6: Sub Group Name | D6: Test Case Description | E6: Precondition | F6: Test Case Procedure | G6: Test data | H6: Expected Output | I6: Result | J6: Tester | K6: Priority | L6: Status
A7: ="TC-" & TEXT( ROW()-ROW($A$7)+1 + COUNTIF('Đăng ký'!A:A,"TC-*") + COUNTIF('Đăng nhập'!A:A,"TC-*") + COUNTIF('Tìm kiếm bài viết'!A:A,"TC-*") + COUNTIF('Xem chủ đề bài viết'!A:A,"TC-*") + COUNTIF('Xem chi tiết bài viết'!A:A,"TC-*") + COUNTIF('Tìm kiếm chuyến đi'!A:A,"TC-*") + COUNTIF('Xem danh sách chuyến tàu'!A:A,"TC-*") + COUNTIF('Xem chi tiết chuyến tàu'!A:A,"TC-*") + COUNTIF('Đặt vé'!A:A,"TC-*") + COUNTIF('Xem lịch sử đặt vé'!A:A,"TC-*"),"000") -> TC-111 | B7: Access right | D7: Kiểm tra hủy vé khi đã đăng nhập | E7: Người dùng đã đăng nhập vào trang tài khoản, có vé | F7: 1. Vào trang tài khoản 2. Kéo xuống phần lịch sử vé 3. Click “Order detail” | H7: 1. Hiển thị vé muốn hủy | I7: Pass | J7: Trần Thị Phương Thảo | K7: P1 | L7: Ready | M7: Không hiển thị form xác nhận hủy vé
A8: ="TC-" & TEXT( ROW()-ROW($A$7)+1 + COUNTIF('Đăng ký'!A:A,"TC-*") + COUNTIF('Đăng nhập'!A:A,"TC-*") + COUNTIF('Tìm kiếm bài viết'!A:A,"TC-*") + COUNTIF('Xem chủ đề bài viết'!A:A,"TC-*") + COUNTIF('Xem chi tiết bài viết'!A:A,"TC-*") + COUNTIF('Tìm kiếm chuyến đi'!A:A,"TC-*") + COUNTIF('Xem danh sách chuyến tàu'!A:A,"TC-*") + COUNTIF('Xem chi tiết chuyến tàu'!A:A,"TC-*") + COUNTIF('Đặt vé'!A:A,"TC-*") + COUNTIF('Xem lịch sử đặt vé'!A:A,"TC-*"),"000") -> TC-112 | D8: Kiểm tra hủy vé khi chưa đăng nhập | E8: Người dùng chưa đăng nhập | F8: 1. Vào trang tài khoản | H8: 1. Chuyển hướng đến trang đăng nhập | I8: Pass | J8: Trần Thị Phương Thảo | K8: P1 | L8: Ready
A9: ="TC-" & TEXT( ROW()-ROW($A$7)+1 + COUNTIF('Đăng ký'!A:A,"TC-*") + COUNTIF('Đăng nhập'!A:A,"TC-*") + COUNTIF('Tìm kiếm bài viết'!A:A,"TC-*") + COUNTIF('Xem chủ đề bài viết'!A:A,"TC-*") + COUNTIF('Xem chi tiết bài viết'!A:A,"TC-*") + COUNTIF('Tìm kiếm chuyến đi'!A:A,"TC-*") + COUNTIF('Xem danh sách chuyến tàu'!A:A,"TC-*") + COUNTIF('Xem chi tiết chuyến tàu'!A:A,"TC-*") + COUNTIF('Đặt vé'!A:A,"TC-*") + COUNTIF('Xem lịch sử đặt vé'!A:A,"TC-*"),"000") -> TC-113 | B9: UI | D9: Kiểm tra hiển thị thông tin vé trước khi hủy | E9: Người dùng đã đăng nhập vào trang tài khoản, có vé | F9: 1. Click xem vé | H9: 1. Hiển thị: mã vé, ngày đặt, trạng thái, tổng tiền | I9: Pass | J9: Trần Thị Phương Thảo | K9: P1 | L9: Ready
A10: ="TC-" & TEXT( ROW()-ROW($A$7)+1 + COUNTIF('Đăng ký'!A:A,"TC-*") + COUNTIF('Đăng nhập'!A:A,"TC-*") + COUNTIF('Tìm kiếm bài viết'!A:A,"TC-*") + COUNTIF('Xem chủ đề bài viết'!A:A,"TC-*") + COUNTIF('Xem chi tiết bài viết'!A:A,"TC-*") + COUNTIF('Tìm kiếm chuyến đi'!A:A,"TC-*") + COUNTIF('Xem danh sách chuyến tàu'!A:A,"TC-*") + COUNTIF('Xem chi tiết chuyến tàu'!A:A,"TC-*") + COUNTIF('Đặt vé'!A:A,"TC-*") + COUNTIF('Xem lịch sử đặt vé'!A:A,"TC-*"),"000") -> TC-114 | D10: Kiểm tra nút “Cancel Booking” | E10: Vé còn hiệu lực | F10: 1. Quan sát nút | H10: 1. Nút hiển thị và click được | I10: Pass | J10: Trần Thị Phương Thảo | K10: P2 | L10: Ready
A11: ="TC-" & TEXT( ROW()-ROW($A$7)+1 + COUNTIF('Đăng ký'!A:A,"TC-*") + COUNTIF('Đăng nhập'!A:A,"TC-*") + COUNTIF('Tìm kiếm bài viết'!A:A,"TC-*") + COUNTIF('Xem chủ đề bài viết'!A:A,"TC-*") + COUNTIF('Xem chi tiết bài viết'!A:A,"TC-*") + COUNTIF('Tìm kiếm chuyến đi'!A:A,"TC-*") + COUNTIF('Xem danh sách chuyến tàu'!A:A,"TC-*") + COUNTIF('Xem chi tiết chuyến tàu'!A:A,"TC-*") + COUNTIF('Đặt vé'!A:A,"TC-*") + COUNTIF('Xem lịch sử đặt vé'!A:A,"TC-*"),"000") -> TC-115 | D11: Kiểm tra font, màu sắc, vị trí | E11: Người dùng đã đăng nhập vào trang tài khoản, có vé | F11: 1. Quan sát UI | H11: 1. Hiển thị đúng design | I11: Pass | J11: Trần Thị Phương Thảo | K11: P2 | L11: Ready
A12: ="TC-" & TEXT( ROW()-ROW($A$7)+1 + COUNTIF('Đăng ký'!A:A,"TC-*") + COUNTIF('Đăng nhập'!A:A,"TC-*") + COUNTIF('Tìm kiếm bài viết'!A:A,"TC-*") + COUNTIF('Xem chủ đề bài viết'!A:A,"TC-*") + COUNTIF('Xem chi tiết bài viết'!A:A,"TC-*") + COUNTIF('Tìm kiếm chuyến đi'!A:A,"TC-*") + COUNTIF('Xem danh sách chuyến tàu'!A:A,"TC-*") + COUNTIF('Xem chi tiết chuyến tàu'!A:A,"TC-*") + COUNTIF('Đặt vé'!A:A,"TC-*") + COUNTIF('Xem lịch sử đặt vé'!A:A,"TC-*"),"000") -> TC-116 | B12: Check business | D12: Kiểm tra hủy vé đã quá giờ | E12: Vé đã đến giờ khởi hành | F12: 1. Click “Cancel Booking” | H12: 2. Hệ thống hiển thị lỗi “Không thể hủy vé” | I12: Fail | J12: Trần Thị Phương Thảo | K12: P1 | L12: Ready
A13: ="TC-" & TEXT( ROW()-ROW($A$7)+1 + COUNTIF('Đăng ký'!A:A,"TC-*") + COUNTIF('Đăng nhập'!A:A,"TC-*") + COUNTIF('Tìm kiếm bài viết'!A:A,"TC-*") + COUNTIF('Xem chủ đề bài viết'!A:A,"TC-*") + COUNTIF('Xem chi tiết bài viết'!A:A,"TC-*") + COUNTIF('Tìm kiếm chuyến đi'!A:A,"TC-*") + COUNTIF('Xem danh sách chuyến tàu'!A:A,"TC-*") + COUNTIF('Xem chi tiết chuyến tàu'!A:A,"TC-*") + COUNTIF('Đặt vé'!A:A,"TC-*") + COUNTIF('Xem lịch sử đặt vé'!A:A,"TC-*"),"000") -> TC-117 | B13: Check business | D13: Hủy vé thành công | E13: Người dùng đã đăng nhập vào trang tài khoản, có vé | F13: 1. Click “Cancel Booking” | H13: 2. Hệ thống hủy vé thành công và dữ liệu cập nhật trong bảng VE | I13: Fail | J13: Trần Thị Phương Thảo | K13: P1 | L13: Ready

Sheet Bảo trì chủ đề bài viết
A1: Module Code | B1: Bảo trì chủ đề bài viết
A2: Test requirement | B2: <Brief description about requirements which are tested in this sheet>
A3: Tester
A4: Pass | B4: Fail | C4: Untested | D4: N/A | E4: Number of Test cases
A5: =COUNTIF(I6:I995,"Pass") -> 17 | B5: =COUNTIF(I6:I995,"Fail") -> 0 | C5: =E5-D5-A5-B5 -> 1 | D5: =COUNTIF(H$6:I$996,"N/A") -> 0 | E5: =COUNTA(A6:A999) -> 18
A6: Test Case ID | B6: Group Name | C6: Sub Group Name | D6: Test Case Description | E6: Precondition | F6: Test Case Procedure | G6: Test data | H6: Expected Output | I6: Result | J6: Tester | K6: Priority | L6: Status
A7: ="TC-" & TEXT( ROW()-ROW($A$7)+1 + COUNTIF('Đăng ký'!A:A,"TC-*") + COUNTIF('Đăng nhập'!A:A,"TC-*") + COUNTIF('Tìm kiếm bài viết'!A:A,"TC-*") + COUNTIF('Xem chủ đề bài viết'!A:A,"TC-*") + COUNTIF('Xem chi tiết bài viết'!A:A,"TC-*") + COUNTIF('Tìm kiếm chuyến đi'!A:A,"TC-*") + COUNTIF('Xem danh sách chuyến tàu'!A:A,"TC-*") + COUNTIF('Xem chi tiết chuyến tàu'!A:A,"TC-*") + COUNTIF('Đặt vé'!A:A,"TC-*") + COUNTIF('Xem lịch sử đặt vé'!A:A,"TC-*") + COUNTIF('Hủy vé'!A:A,"TC-*"),"000") -> TC-118 | B7: Access right | D7: Kiểm tra cách vào màn hình bảo trì chủ đề bài viết | E7: Đăng nhập bằng tài khoản admin | F7: 1.Tại màn hình trang chủ, chọn danh mục "Chủ đề" | H7: 1. Hiển thị màn hình Quản lý các loại chủ đề | I7: Pass | J7: Trần Thị Phương Thảo | K7: P1 | L7: Ready | M7: Không hiển thị form xác nhận hủy vé
A8: ="TC-" & TEXT( ROW()-ROW($A$7)+1 + COUNTIF('Đăng ký'!A:A,"TC-*") + COUNTIF('Đăng nhập'!A:A,"TC-*") + COUNTIF('Tìm kiếm bài viết'!A:A,"TC-*") + COUNTIF('Xem chủ đề bài viết'!A:A,"TC-*") + COUNTIF('Xem chi tiết bài viết'!A:A,"TC-*") + COUNTIF('Tìm kiếm chuyến đi'!A:A,"TC-*") + COUNTIF('Xem danh sách chuyến tàu'!A:A,"TC-*") + COUNTIF('Xem chi tiết chuyến tàu'!A:A,"TC-*") + COUNTIF('Đặt vé'!A:A,"TC-*") + COUNTIF('Xem lịch sử đặt vé'!A:A,"TC-*") + COUNTIF('Hủy vé'!A:A,"TC-*"),"000") -> TC-119 | B8: UI | D8: Kiểm tra số lượng các item | F8: 1. Kiểm tra số lượng các item | H8: 1.So sánh giống với design | I8: Pass | J8: Trần Thị Phương Thảo | K8: P1 | L8: Ready
A9: ="TC-" & TEXT( ROW()-ROW($A$7)+1 + COUNTIF('Đăng ký'!A:A,"TC-*") + COUNTIF('Đăng nhập'!A:A,"TC-*") + COUNTIF('Tìm kiếm bài viết'!A:A,"TC-*") + COUNTIF('Xem chủ đề bài viết'!A:A,"TC-*") + COUNTIF('Xem chi tiết bài viết'!A:A,"TC-*") + COUNTIF('Tìm kiếm chuyến đi'!A:A,"TC-*") + COUNTIF('Xem danh sách chuyến tàu'!A:A,"TC-*") + COUNTIF('Xem chi tiết chuyến tàu'!A:A,"TC-*") + COUNTIF('Đặt vé'!A:A,"TC-*") + COUNTIF('Xem lịch sử đặt vé'!A:A,"TC-*") + COUNTIF('Hủy vé'!A:A,"TC-*"),"000") -> TC-120 | D9: Kiểm tra vị trí, font chữ, size chữ, màu sắc | F9: 1. Tại màn Quản lý các loại chủ đề kiểm tra trạng thái | H9: 1. Hiển thị đúng theo design | I9: Pass | J9: Trần Thị Phương Thảo | K9: P1 | L9: Ready
A10: ="TC-" & TEXT( ROW()-ROW($A$7)+1 + COUNTIF('Đăng ký'!A:A,"TC-*") + COUNTIF('Đăng nhập'!A:A,"TC-*") + COUNTIF('Tìm kiếm bài viết'!A:A,"TC-*") + COUNTIF('Xem chủ đề bài viết'!A:A,"TC-*") + COUNTIF('Xem chi tiết bài viết'!A:A,"TC-*") + COUNTIF('Tìm kiếm chuyến đi'!A:A,"TC-*") + COUNTIF('Xem danh sách chuyến tàu'!A:A,"TC-*") + COUNTIF('Xem chi tiết chuyến tàu'!A:A,"TC-*") + COUNTIF('Đặt vé'!A:A,"TC-*") + COUNTIF('Xem lịch sử đặt vé'!A:A,"TC-*") + COUNTIF('Hủy vé'!A:A,"TC-*"),"000") -> TC-121 | D10: Kiểm tra trạng thái mặc định của Button | F10: 1. Tại màn Quản lý các loại chủ đề kiểm tra trạng thái | H10: 1. Button ở trạng thái disnable | I10: Pass | J10: Trần Thị Phương Thảo | K10: P2 | L10: Ready
A11: ="TC-" & TEXT( ROW()-ROW($A$7)+1 + COUNTIF('Đăng ký'!A:A,"TC-*") + COUNTIF('Đăng nhập'!A:A,"TC-*") + COUNTIF('Tìm kiếm bài viết'!A:A,"TC-*") + COUNTIF('Xem chủ đề bài viết'!A:A,"TC-*") + COUNTIF('Xem chi tiết bài viết'!A:A,"TC-*") + COUNTIF('Tìm kiếm chuyến đi'!A:A,"TC-*") + COUNTIF('Xem danh sách chuyến tàu'!A:A,"TC-*") + COUNTIF('Xem chi tiết chuyến tàu'!A:A,"TC-*") + COUNTIF('Đặt vé'!A:A,"TC-*") + COUNTIF('Xem lịch sử đặt vé'!A:A,"TC-*") + COUNTIF('Hủy vé'!A:A,"TC-*"),"000") -> TC-122 | D11: Kiểm tra giá trị default của TextBox | F11: 1. Kiểm tra các giá trị default | H11: 1. Các text box đều hiển thị trắng | I11: Pass | J11: Trần Thị Phương Thảo | K11: P2 | L11: Ready
A12: ="TC-" & TEXT( ROW()-ROW($A$7)+1 + COUNTIF('Đăng ký'!A:A,"TC-*") + COUNTIF('Đăng nhập'!A:A,"TC-*") + COUNTIF('Tìm kiếm bài viết'!A:A,"TC-*") + COUNTIF('Xem chủ đề bài viết'!A:A,"TC-*") + COUNTIF('Xem chi tiết bài viết'!A:A,"TC-*") + COUNTIF('Tìm kiếm chuyến đi'!A:A,"TC-*") + COUNTIF('Xem danh sách chuyến tàu'!A:A,"TC-*") + COUNTIF('Xem chi tiết chuyến tàu'!A:A,"TC-*") + COUNTIF('Đặt vé'!A:A,"TC-*") + COUNTIF('Xem lịch sử đặt vé'!A:A,"TC-*") + COUNTIF('Hủy vé'!A:A,"TC-*"),"000") -> TC-123 | D12: Kiểm tra dropdown Position | E12: Admin đang ở trang Thêm mới topic | F12: 1. Click dropdown | H12: 1. Hiển thị danh sách vị trí | I12: Pass | J12: Trần Thị Phương Thảo | K12: P2 | L12: Ready
A13: ="TC-" & TEXT( ROW()-ROW($A$7)+1 + COUNTIF('Đăng ký'!A:A,"TC-*") + COUNTIF('Đăng nhập'!A:A,"TC-*") + COUNTIF('Tìm kiếm bài viết'!A:A,"TC-*") + COUNTIF('Xem chủ đề bài viết'!A:A,"TC-*") + COUNTIF('Xem chi tiết bài viết'!A:A,"TC-*") + COUNTIF('Tìm kiếm chuyến đi'!A:A,"TC-*") + COUNTIF('Xem danh sách chuyến tàu'!A:A,"TC-*") + COUNTIF('Xem chi tiết chuyến tàu'!A:A,"TC-*") + COUNTIF('Đặt vé'!A:A,"TC-*") + COUNTIF('Xem lịch sử đặt vé'!A:A,"TC-*") + COUNTIF('Hủy vé'!A:A,"TC-*"),"000") -> TC-124 | D13: Hiển thị danh sách vị trí | F13: 1. Click dropdown | H13: 1. Hiển thị danh sách Display / Hide | I13: Pass | J13: Trần Thị Phương Thảo | K13: P2 | L13: Ready
A14: ="TC-" & TEXT( ROW()-ROW($A$7)+1 + COUNTIF('Đăng ký'!A:A,"TC-*") + COUNTIF('Đăng nhập'!A:A,"TC-*") + COUNTIF('Tìm kiếm bài viết'!A:A,"TC-*") + COUNTIF('Xem chủ đề bài viết'!A:A,"TC-*") + COUNTIF('Xem chi tiết bài viết'!A:A,"TC-*") + COUNTIF('Tìm kiếm chuyến đi'!A:A,"TC-*") + COUNTIF('Xem danh sách chuyến tàu'!A:A,"TC-*") + COUNTIF('Xem chi tiết chuyến tàu'!A:A,"TC-*") + COUNTIF('Đặt vé'!A:A,"TC-*") + COUNTIF('Xem lịch sử đặt vé'!A:A,"TC-*") + COUNTIF('Hủy vé'!A:A,"TC-*"),"000") -> TC-125 | B14: Check Validation | C14: Nhập thêm mới topic | D14: Kiểm tra không nhập Topic name | E14: Admin đang ở trang Thêm mới topic | F14: 1. Nhập thông tin: - Topic name: Bỏ trống - Nhập giá trị hợp lệ cho các trường thông tin còn lại 2. Click button Save | H14: 2. Hệ thống hiển thị lỗi yêu cầu nhập Topic name "Please fill out this field" | I14: Pass | J14: Trần Thị Phương Thảo | K14: P1 | L14: Ready
A15: ="TC-" & TEXT( ROW()-ROW($A$7)+1 + COUNTIF('Đăng ký'!A:A,"TC-*") + COUNTIF('Đăng nhập'!A:A,"TC-*") + COUNTIF('Tìm kiếm bài viết'!A:A,"TC-*") + COUNTIF('Xem chủ đề bài viết'!A:A,"TC-*") + COUNTIF('Xem chi tiết bài viết'!A:A,"TC-*") + COUNTIF('Tìm kiếm chuyến đi'!A:A,"TC-*") + COUNTIF('Xem danh sách chuyến tàu'!A:A,"TC-*") + COUNTIF('Xem chi tiết chuyến tàu'!A:A,"TC-*") + COUNTIF('Đặt vé'!A:A,"TC-*") + COUNTIF('Xem lịch sử đặt vé'!A:A,"TC-*") + COUNTIF('Hủy vé'!A:A,"TC-*"),"000") -> TC-126 | D15: Kiểm tra nhập đúng yêu cầu ký tự trong đó chứa ký tự đặc biệt và chữ hoa chữ thường | F15: 1. Nhập thông tin: - Topic name: Vé tàu@ - Nhập giá trị hợp lệ cho các trường thông tin còn lại 2. Click button Save | G15: Topic name: Vé tàu@ | H15: 2. Hệ thống thêm chủ đề mới thành công | I15: Pass | J15: Trần Thị Phương Thảo | K15: P1 | L15: Ready
A16: ="TC-" & TEXT( ROW()-ROW($A$7)+1 + COUNTIF('Đăng ký'!A:A,"TC-*") + COUNTIF('Đăng nhập'!A:A,"TC-*") + COUNTIF('Tìm kiếm bài viết'!A:A,"TC-*") + COUNTIF('Xem chủ đề bài viết'!A:A,"TC-*") + COUNTIF('Xem chi tiết bài viết'!A:A,"TC-*") + COUNTIF('Tìm kiếm chuyến đi'!A:A,"TC-*") + COUNTIF('Xem danh sách chuyến tàu'!A:A,"TC-*") + COUNTIF('Xem chi tiết chuyến tàu'!A:A,"TC-*") + COUNTIF('Đặt vé'!A:A,"TC-*") + COUNTIF('Xem lịch sử đặt vé'!A:A,"TC-*") + COUNTIF('Hủy vé'!A:A,"TC-*"),"000") -> TC-127 | B16: Check business | C16: Thêm mới topic | D16: Kiểm tra bỏ trống tất cả không nhập gì | E16: Admin đang ở trang Thêm mới topic | F16: 1. Nhập thông tin: - Topic name: Bỏ trống 2. Click button Save | H16: 2. Hệ thống hiển thị thông báo lỗi "Please fill out this field" | I16: Pass | J16: Trần Thị Phương Thảo | K16: P1 | L16: Ready
A17: ="TC-" & TEXT( ROW()-ROW($A$7)+1 + COUNTIF('Đăng ký'!A:A,"TC-*") + COUNTIF('Đăng nhập'!A:A,"TC-*") + COUNTIF('Tìm kiếm bài viết'!A:A,"TC-*") + COUNTIF('Xem chủ đề bài viết'!A:A,"TC-*") + COUNTIF('Xem chi tiết bài viết'!A:A,"TC-*") + COUNTIF('Tìm kiếm chuyến đi'!A:A,"TC-*") + COUNTIF('Xem danh sách chuyến tàu'!A:A,"TC-*") + COUNTIF('Xem chi tiết chuyến tàu'!A:A,"TC-*") + COUNTIF('Đặt vé'!A:A,"TC-*") + COUNTIF('Xem lịch sử đặt vé'!A:A,"TC-*") + COUNTIF('Hủy vé'!A:A,"TC-*"),"000") -> TC-128 | D17: Kiểm tra thêm mới chủ đề thành công | E17: Admin đang ở trang Thêm mới topic | F17: 1. Nhập thông tin: - Nhập giá trị hợp lệ cho các trường thông tin còn lại 2. Click button Save | H17: 2. Hệ thống thêm chủ đề mới thành công | I17: Pass | J17: Trần Thị Phương Thảo | K17: P1 | L17: Ready
A18: ="TC-" & TEXT( ROW()-ROW($A$7)+1 + COUNTIF('Đăng ký'!A:A,"TC-*") + COUNTIF('Đăng nhập'!A:A,"TC-*") + COUNTIF('Tìm kiếm bài viết'!A:A,"TC-*") + COUNTIF('Xem chủ đề bài viết'!A:A,"TC-*") + COUNTIF('Xem chi tiết bài viết'!A:A,"TC-*") + COUNTIF('Tìm kiếm chuyến đi'!A:A,"TC-*") + COUNTIF('Xem danh sách chuyến tàu'!A:A,"TC-*") + COUNTIF('Xem chi tiết chuyến tàu'!A:A,"TC-*") + COUNTIF('Đặt vé'!A:A,"TC-*") + COUNTIF('Xem lịch sử đặt vé'!A:A,"TC-*") + COUNTIF('Hủy vé'!A:A,"TC-*"),"000") -> TC-129 | C18: Icon chỉnh sửa | D18: Kiểm tra icon chỉnh sửa | E18: Đang ở màn hình Quản lý các loại chủ đề | F18: 1. Click icon Sửa | H18: 2. Hệ thống chuyển sang màn Update | I18: Pass | J18: Trần Thị Phương Thảo | K18: P2 | L18: Ready
A19: ="TC-" & TEXT( ROW()-ROW($A$7)+1 + COUNTIF('Đăng ký'!A:A,"TC-*") + COUNTIF('Đăng nhập'!A:A,"TC-*") + COUNTIF('Tìm kiếm bài viết'!A:A,"TC-*") + COUNTIF('Xem chủ đề bài viết'!A:A,"TC-*") + COUNTIF('Xem chi tiết bài viết'!A:A,"TC-*") + COUNTIF('Tìm kiếm chuyến đi'!A:A,"TC-*") + COUNTIF('Xem danh sách chuyến tàu'!A:A,"TC-*") + COUNTIF('Xem chi tiết chuyến tàu'!A:A,"TC-*") + COUNTIF('Đặt vé'!A:A,"TC-*") + COUNTIF('Xem lịch sử đặt vé'!A:A,"TC-*") + COUNTIF('Hủy vé'!A:A,"TC-*"),"000") -> TC-130 | D19: Kiểm tra không thay đổi dữ liệu | E19: Admin ở màn Update chủ đề | F19: 1. Kích button Save | H19: 2. Hệ thống không thay đổi dữ liệu và trở về màn quản lý các loại chủ đề | I19: Pass | J19: Trần Thị Phương Thảo | K19: P3 | L19: Ready
A20: ="TC-" & TEXT( ROW()-ROW($A$7)+1 + COUNTIF('Đăng ký'!A:A,"TC-*") + COUNTIF('Đăng nhập'!A:A,"TC-*") + COUNTIF('Tìm kiếm bài viết'!A:A,"TC-*") + COUNTIF('Xem chủ đề bài viết'!A:A,"TC-*") + COUNTIF('Xem chi tiết bài viết'!A:A,"TC-*") + COUNTIF('Tìm kiếm chuyến đi'!A:A,"TC-*") + COUNTIF('Xem danh sách chuyến tàu'!A:A,"TC-*") + COUNTIF('Xem chi tiết chuyến tàu'!A:A,"TC-*") + COUNTIF('Đặt vé'!A:A,"TC-*") + COUNTIF('Xem lịch sử đặt vé'!A:A,"TC-*") + COUNTIF('Hủy vé'!A:A,"TC-*"),"000") -> TC-131 | D20: Kiểm tra sửa chủ đề thành công | F20: 1. Sửa thông tin chủ đề 2. Kích button Save | H20: 2. Hệ thống cập nhật chủ đề thành công | I20: Pass | J20: Trần Thị Phương Thảo | K20: P1 | L20: Ready
A21: ="TC-" & TEXT( ROW()-ROW($A$7)+1 + COUNTIF('Đăng ký'!A:A,"TC-*") + COUNTIF('Đăng nhập'!A:A,"TC-*") + COUNTIF('Tìm kiếm bài viết'!A:A,"TC-*") + COUNTIF('Xem chủ đề bài viết'!A:A,"TC-*") + COUNTIF('Xem chi tiết bài viết'!A:A,"TC-*") + COUNTIF('Tìm kiếm chuyến đi'!A:A,"TC-*") + COUNTIF('Xem danh sách chuyến tàu'!A:A,"TC-*") + COUNTIF('Xem chi tiết chuyến tàu'!A:A,"TC-*") + COUNTIF('Đặt vé'!A:A,"TC-*") + COUNTIF('Xem lịch sử đặt vé'!A:A,"TC-*") + COUNTIF('Hủy vé'!A:A,"TC-*"),"000") -> TC-132 | C21: Icon Xóa | D21: Kiểm tra icon xóa | E21: Đang ở màn hình quản lý bài viết | F21: 1. Kích icon xóa | H21: 1. Hệ thống xóa chủ đề và cập nhập lại database | I21: Pass | J21: Trần Thị Phương Thảo | K21: P1 | L21: Ready
A22: ="TC-" & TEXT( ROW()-ROW($A$7)+1 + COUNTIF('Đăng ký'!A:A,"TC-*") + COUNTIF('Đăng nhập'!A:A,"TC-*") + COUNTIF('Tìm kiếm bài viết'!A:A,"TC-*") + COUNTIF('Xem chủ đề bài viết'!A:A,"TC-*") + COUNTIF('Xem chi tiết bài viết'!A:A,"TC-*") + COUNTIF('Tìm kiếm chuyến đi'!A:A,"TC-*") + COUNTIF('Xem danh sách chuyến tàu'!A:A,"TC-*") + COUNTIF('Xem chi tiết chuyến tàu'!A:A,"TC-*") + COUNTIF('Đặt vé'!A:A,"TC-*") + COUNTIF('Xem lịch sử đặt vé'!A:A,"TC-*") + COUNTIF('Hủy vé'!A:A,"TC-*"),"000") -> TC-133 | C22: Button Cancel | D22: Kiểm tra button Cancel | F22: 1. Click button Cancel | H22: 2. Hệ thống trở về màn quản lý các loại chủ đề | I22: Pass | J22: Trần Thị Phương Thảo | K22: P3 | L22: Ready
A23: ="TC-" & TEXT( ROW()-ROW($A$7)+1 + COUNTIF('Đăng ký'!A:A,"TC-*") + COUNTIF('Đăng nhập'!A:A,"TC-*") + COUNTIF('Tìm kiếm bài viết'!A:A,"TC-*") + COUNTIF('Xem chủ đề bài viết'!A:A,"TC-*") + COUNTIF('Xem chi tiết bài viết'!A:A,"TC-*") + COUNTIF('Tìm kiếm chuyến đi'!A:A,"TC-*") + COUNTIF('Xem danh sách chuyến tàu'!A:A,"TC-*") + COUNTIF('Xem chi tiết chuyến tàu'!A:A,"TC-*") + COUNTIF('Đặt vé'!A:A,"TC-*") + COUNTIF('Xem lịch sử đặt vé'!A:A,"TC-*") + COUNTIF('Hủy vé'!A:A,"TC-*"),"000") -> TC-134 | C23: Toggle Bật/Tắt | D23: Kiểm tra bật/tắt trạng thái | E23: Đang ở màn hình quản lý bài viết | F23: 1. Click toggle status | H23: 2. Trạng thái thay đổi | I23: Pass | J23: Trần Thị Phương Thảo | K23: P4 | L23: Ready

Sheet Bảo trì bài viết
A1: Module Code | B1: Bảo trì bài viết
A2: Test requirement | B2: <Brief description about requirements which are tested in this sheet>
A3: Tester
A4: Pass | B4: Fail | C4: Untested | D4: N/A | E4: Number of Test cases
A5: =COUNTIF(I6:I1004,"Pass") -> 22 | B5: =COUNTIF(I6:I1004,"Fail") -> 1 | C5: =E5-D5-A5-B5 -> 1 | D5: =COUNTIF(H$6:I$1005,"N/A") -> 0 | E5: =COUNTA(A6:A1008) -> 24
A6: Test Case ID | B6: Group Name | C6: Sub Group Name | D6: Test Case Description | E6: Precondition | F6: Test Case Procedure | G6: Test data | H6: Expected Output | I6: Result | J6: Tester | K6: Priority | L6: Status
A7: ="TC-" & TEXT( ROW()-ROW($A$7)+1 + COUNTIF('Đăng ký'!A:A,"TC-*") + COUNTIF('Đăng nhập'!A:A,"TC-*") + COUNTIF('Tìm kiếm bài viết'!A:A,"TC-*") + COUNTIF('Xem chủ đề bài viết'!A:A,"TC-*") + COUNTIF('Xem chi tiết bài viết'!A:A,"TC-*") + COUNTIF('Tìm kiếm chuyến đi'!A:A,"TC-*") + COUNTIF('Xem danh sách chuyến tàu'!A:A,"TC-*") + COUNTIF('Xem chi tiết chuyến tàu'!A:A,"TC-*") + COUNTIF('Đặt vé'!A:A,"TC-*") + COUNTIF('Xem lịch sử đặt vé'!A:A,"TC-*") + COUNTIF('Hủy vé'!A:A,"TC-*") + COUNTIF('Bảo trì chủ đề bài viết'!A:A,"TC-*"),"000") -> TC-135 | B7: Access right | D7: Kiểm tra truy cập màn hình quản lý bài viết | E7: Đăng nhập bằng tài khoản admin | F7: 1.Tại màn hình trang chủ, chọn danh mục "Bài viết" | H7: 1. Hiển thị màn hình quản lý bài viết | I7: Pass | J7: Trần Thị Phương Thảo | K7: P1 | L7: Ready
A8: ="TC-" & TEXT( ROW()-ROW($A$7)+1 + COUNTIF('Đăng ký'!A:A,"TC-*") + COUNTIF('Đăng nhập'!A:A,"TC-*") + COUNTIF('Tìm kiếm bài viết'!A:A,"TC-*") + COUNTIF('Xem chủ đề bài viết'!A:A,"TC-*") + COUNTIF('Xem chi tiết bài viết'!A:A,"TC-*") + COUNTIF('Tìm kiếm chuyến đi'!A:A,"TC-*") + COUNTIF('Xem danh sách chuyến tàu'!A:A,"TC-*") + COUNTIF('Xem chi tiết chuyến tàu'!A:A,"TC-*") + COUNTIF('Đặt vé'!A:A,"TC-*") + COUNTIF('Xem lịch sử đặt vé'!A:A,"TC-*") + COUNTIF('Hủy vé'!A:A,"TC-*") + COUNTIF('Bảo trì chủ đề bài viết'!A:A,"TC-*"),"000") -> TC-136 | B8: UI | D8: Kiểm tra hiển thị danh sách bài viết | E8: Đang ở màn hình quản lý bài viết | F8: 1. Quan sát danh sách | H8: 1. Hiển thị đầy đủ dữ liệu từ BAI_VIET | I8: Pass | J8: Trần Thị Phương Thảo | K8: P1 | L8: Ready
A9: ="TC-" & TEXT( ROW()-ROW($A$7)+1 + COUNTIF('Đăng ký'!A:A,"TC-*") + COUNTIF('Đăng nhập'!A:A,"TC-*") + COUNTIF('Tìm kiếm bài viết'!A:A,"TC-*") + COUNTIF('Xem chủ đề bài viết'!A:A,"TC-*") + COUNTIF('Xem chi tiết bài viết'!A:A,"TC-*") + COUNTIF('Tìm kiếm chuyến đi'!A:A,"TC-*") + COUNTIF('Xem danh sách chuyến tàu'!A:A,"TC-*") + COUNTIF('Xem chi tiết chuyến tàu'!A:A,"TC-*") + COUNTIF('Đặt vé'!A:A,"TC-*") + COUNTIF('Xem lịch sử đặt vé'!A:A,"TC-*") + COUNTIF('Hủy vé'!A:A,"TC-*") + COUNTIF('Bảo trì chủ đề bài viết'!A:A,"TC-*"),"000") -> TC-137 | D9: Kiểm tra vị trí, font chữ, size chữ, màu sắc | F9: 1. Quan sát UI | H9: 1. Hiển thị đúng design | I9: Pass | J9: Trần Thị Phương Thảo | K9: P2 | L9: Ready
A10: ="TC-" & TEXT( ROW()-ROW($A$7)+1 + COUNTIF('Đăng ký'!A:A,"TC-*") + COUNTIF('Đăng nhập'!A:A,"TC-*") + COUNTIF('Tìm kiếm bài viết'!A:A,"TC-*") + COUNTIF('Xem chủ đề bài viết'!A:A,"TC-*") + COUNTIF('Xem chi tiết bài viết'!A:A,"TC-*") + COUNTIF('Tìm kiếm chuyến đi'!A:A,"TC-*") + COUNTIF('Xem danh sách chuyến tàu'!A:A,"TC-*") + COUNTIF('Xem chi tiết chuyến tàu'!A:A,"TC-*") + COUNTIF('Đặt vé'!A:A,"TC-*") + COUNTIF('Xem lịch sử đặt vé'!A:A,"TC-*") + COUNTIF('Hủy vé'!A:A,"TC-*") + COUNTIF('Bảo trì chủ đề bài viết'!A:A,"TC-*"),"000") -> TC-138 | D10: Kiểm tra trạng thái mặc định của Button | F10: 1. 1. Quan sát button | H10: 1. Button hiển thị đúng trạng thái (enable) | I10: Pass | J10: Trần Thị Phương Thảo | K10: P2 | L10: Ready
A11: ="TC-" & TEXT( ROW()-ROW($A$7)+1 + COUNTIF('Đăng ký'!A:A,"TC-*") + COUNTIF('Đăng nhập'!A:A,"TC-*") + COUNTIF('Tìm kiếm bài viết'!A:A,"TC-*") + COUNTIF('Xem chủ đề bài viết'!A:A,"TC-*") + COUNTIF('Xem chi tiết bài viết'!A:A,"TC-*") + COUNTIF('Tìm kiếm chuyến đi'!A:A,"TC-*") + COUNTIF('Xem danh sách chuyến tàu'!A:A,"TC-*") + COUNTIF('Xem chi tiết chuyến tàu'!A:A,"TC-*") + COUNTIF('Đặt vé'!A:A,"TC-*") + COUNTIF('Xem lịch sử đặt vé'!A:A,"TC-*") + COUNTIF('Hủy vé'!A:A,"TC-*") + COUNTIF('Bảo trì chủ đề bài viết'!A:A,"TC-*"),"000") -> TC-139 | D11: Kiểm tra giá trị default của TextBox | F11: 1. Kiểm tra các giá trị default | H11: 1. Các text box đều hiển thị trắng | I11: Pass | J11: Trần Thị Phương Thảo | K11: P2 | L11: Ready
A12: ="TC-" & TEXT( ROW()-ROW($A$7)+1 + COUNTIF('Đăng ký'!A:A,"TC-*") + COUNTIF('Đăng nhập'!A:A,"TC-*") + COUNTIF('Tìm kiếm bài viết'!A:A,"TC-*") + COUNTIF('Xem chủ đề bài viết'!A:A,"TC-*") + COUNTIF('Xem chi tiết bài viết'!A:A,"TC-*") + COUNTIF('Tìm kiếm chuyến đi'!A:A,"TC-*") + COUNTIF('Xem danh sách chuyến tàu'!A:A,"TC-*") + COUNTIF('Xem chi tiết chuyến tàu'!A:A,"TC-*") + COUNTIF('Đặt vé'!A:A,"TC-*") + COUNTIF('Xem lịch sử đặt vé'!A:A,"TC-*") + COUNTIF('Hủy vé'!A:A,"TC-*") + COUNTIF('Bảo trì chủ đề bài viết'!A:A,"TC-*"),"000") -> TC-140 | D12: Kiểm tra hiển thị form thêm | E12: Admin đang ở trang Add post | F12: 1. Hiển thị đầy đủ field | H12: 1. Hiển thị danh sách vị trí | I12: Pass | J12: Trần Thị Phương Thảo | K12: P1 | L12: Ready
A13: ="TC-" & TEXT( ROW()-ROW($A$7)+1 + COUNTIF('Đăng ký'!A:A,"TC-*") + COUNTIF('Đăng nhập'!A:A,"TC-*") + COUNTIF('Tìm kiếm bài viết'!A:A,"TC-*") + COUNTIF('Xem chủ đề bài viết'!A:A,"TC-*") + COUNTIF('Xem chi tiết bài viết'!A:A,"TC-*") + COUNTIF('Tìm kiếm chuyến đi'!A:A,"TC-*") + COUNTIF('Xem danh sách chuyến tàu'!A:A,"TC-*") + COUNTIF('Xem chi tiết chuyến tàu'!A:A,"TC-*") + COUNTIF('Đặt vé'!A:A,"TC-*") + COUNTIF('Xem lịch sử đặt vé'!A:A,"TC-*") + COUNTIF('Hủy vé'!A:A,"TC-*") + COUNTIF('Bảo trì chủ đề bài viết'!A:A,"TC-*"),"000") -> TC-141 | D13: Kiểm tra giá trị default | F13: 1. Mở form | H13: 1. Field rỗng / trạng thái mặc định đúng | I13: Pass | J13: Trần Thị Phương Thảo | K13: P2 | L13: Ready
A14: ="TC-" & TEXT( ROW()-ROW($A$7)+1 + COUNTIF('Đăng ký'!A:A,"TC-*") + COUNTIF('Đăng nhập'!A:A,"TC-*") + COUNTIF('Tìm kiếm bài viết'!A:A,"TC-*") + COUNTIF('Xem chủ đề bài viết'!A:A,"TC-*") + COUNTIF('Xem chi tiết bài viết'!A:A,"TC-*") + COUNTIF('Tìm kiếm chuyến đi'!A:A,"TC-*") + COUNTIF('Xem danh sách chuyến tàu'!A:A,"TC-*") + COUNTIF('Xem chi tiết chuyến tàu'!A:A,"TC-*") + COUNTIF('Đặt vé'!A:A,"TC-*") + COUNTIF('Xem lịch sử đặt vé'!A:A,"TC-*") + COUNTIF('Hủy vé'!A:A,"TC-*") + COUNTIF('Bảo trì chủ đề bài viết'!A:A,"TC-*"),"000") -> TC-142 | B14: Check Validation | C14: Post title | D14: Kiểm tra không nhập tên bài viết | E14: Admin ở màn Add post | F14: 1. Nhập thông tin: - Post title: Bỏ trống - Nhập giá trị hợp lệ cho các trường thông tin còn lại 2. Click button Save | H14: 2. Hệ thống hiển thị lỗi yêu cầu nhập post title "Please fill out this field" | I14: Pass | J14: Trần Thị Phương Thảo | K14: P1 | L14: Ready
A15: ="TC-" & TEXT( ROW()-ROW($A$7)+1 + COUNTIF('Đăng ký'!A:A,"TC-*") + COUNTIF('Đăng nhập'!A:A,"TC-*") + COUNTIF('Tìm kiếm bài viết'!A:A,"TC-*") + COUNTIF('Xem chủ đề bài viết'!A:A,"TC-*") + COUNTIF('Xem chi tiết bài viết'!A:A,"TC-*") + COUNTIF('Tìm kiếm chuyến đi'!A:A,"TC-*") + COUNTIF('Xem danh sách chuyến tàu'!A:A,"TC-*") + COUNTIF('Xem chi tiết chuyến tàu'!A:A,"TC-*") + COUNTIF('Đặt vé'!A:A,"TC-*") + COUNTIF('Xem lịch sử đặt vé'!A:A,"TC-*") + COUNTIF('Hủy vé'!A:A,"TC-*") + COUNTIF('Bảo trì chủ đề bài viết'!A:A,"TC-*"),"000") -> TC-143 | D15: Kiểm tra nhập đúng yêu cầu ký tự trong đó chứa ký tự đặc biệt và chữ hoa chữ thường | F15: 1. Nhập thông tin: - Post title: Chuyến tàu hạnh phúc@ - Nhập giá trị hợp lệ cho các trường thông tin còn lại 2. Click button Save | G15: Post title: Chuyến tàu hạnh phúc@ | H15: 2. Hệ thống thêm bài viết mới thành công | I15: Pass | J15: Trần Thị Phương Thảo | K15: P1 | L15: Ready
A16: ="TC-" & TEXT( ROW()-ROW($A$7)+1 + COUNTIF('Đăng ký'!A:A,"TC-*") + COUNTIF('Đăng nhập'!A:A,"TC-*") + COUNTIF('Tìm kiếm bài viết'!A:A,"TC-*") + COUNTIF('Xem chủ đề bài viết'!A:A,"TC-*") + COUNTIF('Xem chi tiết bài viết'!A:A,"TC-*") + COUNTIF('Tìm kiếm chuyến đi'!A:A,"TC-*") + COUNTIF('Xem danh sách chuyến tàu'!A:A,"TC-*") + COUNTIF('Xem chi tiết chuyến tàu'!A:A,"TC-*") + COUNTIF('Đặt vé'!A:A,"TC-*") + COUNTIF('Xem lịch sử đặt vé'!A:A,"TC-*") + COUNTIF('Hủy vé'!A:A,"TC-*") + COUNTIF('Bảo trì chủ đề bài viết'!A:A,"TC-*"),"000") -> TC-144 | C16: Content | D16: Kiểm tra không nhập content | F16: 1. Nhập thông tin: - Content: Bỏ trống - Nhập giá trị hợp lệ cho các trường thông tin còn lại 2. Click button Save | H16: 2. Hệ thống hiển thị thông báo lỗi "Content is not blank" | I16: Pass | J16: Trần Thị Phương Thảo | K16: P1 | L16: Ready
A17: ="TC-" & TEXT( ROW()-ROW($A$7)+1 + COUNTIF('Đăng ký'!A:A,"TC-*") + COUNTIF('Đăng nhập'!A:A,"TC-*") + COUNTIF('Tìm kiếm bài viết'!A:A,"TC-*") + COUNTIF('Xem chủ đề bài viết'!A:A,"TC-*") + COUNTIF('Xem chi tiết bài viết'!A:A,"TC-*") + COUNTIF('Tìm kiếm chuyến đi'!A:A,"TC-*") + COUNTIF('Xem danh sách chuyến tàu'!A:A,"TC-*") + COUNTIF('Xem chi tiết chuyến tàu'!A:A,"TC-*") + COUNTIF('Đặt vé'!A:A,"TC-*") + COUNTIF('Xem lịch sử đặt vé'!A:A,"TC-*") + COUNTIF('Hủy vé'!A:A,"TC-*") + COUNTIF('Bảo trì chủ đề bài viết'!A:A,"TC-*"),"000") -> TC-145 | D17: Kiểm tra nhập content ký chứa ký tự đặc biệt và chữ hoa chữ thường | F17: 1. Nhập thông tin: - Content: - Nhập giá trị hợp lệ cho các trường thông tin còn lại 2. Click button Save | H17: 2. Hệ thống thêm bài viết mới thành công | I17: Pass | J17: Trần Thị Phương Thảo | K17: P1 | L17: Ready
A18: ="TC-" & TEXT( ROW()-ROW($A$7)+1 + COUNTIF('Đăng ký'!A:A,"TC-*") + COUNTIF('Đăng nhập'!A:A,"TC-*") + COUNTIF('Tìm kiếm bài viết'!A:A,"TC-*") + COUNTIF('Xem chủ đề bài viết'!A:A,"TC-*") + COUNTIF('Xem chi tiết bài viết'!A:A,"TC-*") + COUNTIF('Tìm kiếm chuyến đi'!A:A,"TC-*") + COUNTIF('Xem danh sách chuyến tàu'!A:A,"TC-*") + COUNTIF('Xem chi tiết chuyến tàu'!A:A,"TC-*") + COUNTIF('Đặt vé'!A:A,"TC-*") + COUNTIF('Xem lịch sử đặt vé'!A:A,"TC-*") + COUNTIF('Hủy vé'!A:A,"TC-*") + COUNTIF('Bảo trì chủ đề bài viết'!A:A,"TC-*"),"000") -> TC-146 | C18: Image post | D18: Kiểm tra không upload ảnh lên | F18: 1. Nhập thông tin: - Image post: Bỏ trống - Nhập giá trị hợp lệ cho các trường thông tin còn lại 2. Click button Save | H18: 2. Hệ thống hiển thị thông báo lỗi "Select a file" | I18: Pass | J18: Trần Thị Phương Thảo | K18: P1 | L18: Ready
A19: ="TC-" & TEXT( ROW()-ROW($A$7)+1 + COUNTIF('Đăng ký'!A:A,"TC-*") + COUNTIF('Đăng nhập'!A:A,"TC-*") + COUNTIF('Tìm kiếm bài viết'!A:A,"TC-*") + COUNTIF('Xem chủ đề bài viết'!A:A,"TC-*") + COUNTIF('Xem chi tiết bài viết'!A:A,"TC-*") + COUNTIF('Tìm kiếm chuyến đi'!A:A,"TC-*") + COUNTIF('Xem danh sách chuyến tàu'!A:A,"TC-*") + COUNTIF('Xem chi tiết chuyến tàu'!A:A,"TC-*") + COUNTIF('Đặt vé'!A:A,"TC-*") + COUNTIF('Xem lịch sử đặt vé'!A:A,"TC-*") + COUNTIF('Hủy vé'!A:A,"TC-*") + COUNTIF('Bảo trì chủ đề bài viết'!A:A,"TC-*"),"000") -> TC-147 | D19: Kiểm tra upload file ảnh không phải là gif, jpg, png, jpeg | F19: 1. Nhập thông tin: - Image post: anh.doc - Nhập giá trị hợp lệ cho các trường thông tin còn lại 2. Click button Save | H19: 2. Hiện thị thông báo lỗi yêu cầu nhập file hợp lệ | I19: Fail | J19: Trần Thị Phương Thảo | K19: P1 | L19: Ready
A20: ="TC-" & TEXT( ROW()-ROW($A$7)+1 + COUNTIF('Đăng ký'!A:A,"TC-*") + COUNTIF('Đăng nhập'!A:A,"TC-*") + COUNTIF('Tìm kiếm bài viết'!A:A,"TC-*") + COUNTIF('Xem chủ đề bài viết'!A:A,"TC-*") + COUNTIF('Xem chi tiết bài viết'!A:A,"TC-*") + COUNTIF('Tìm kiếm chuyến đi'!A:A,"TC-*") + COUNTIF('Xem danh sách chuyến tàu'!A:A,"TC-*") + COUNTIF('Xem chi tiết chuyến tàu'!A:A,"TC-*") + COUNTIF('Đặt vé'!A:A,"TC-*") + COUNTIF('Xem lịch sử đặt vé'!A:A,"TC-*") + COUNTIF('Hủy vé'!A:A,"TC-*") + COUNTIF('Bảo trì chủ đề bài viết'!A:A,"TC-*"),"000") -> TC-148 | D20: Kiểm tra upload file ảnh là gif, jpg, png | F20: 1. Nhập thông tin: - Image post: anhtau.jpeg - Nhập giá trị hợp lệ cho các trường thông tin còn lại 2. Click button Save | G20: Image post: anhtau.jpeg | H20: 2. Thêm thành công và được lưu trong bảng dữ liệu | I20: Pass | J20: Trần Thị Phương Thảo | K20: P1 | L20: Ready
A21: ="TC-" & TEXT( ROW()-ROW($A$7)+1 + COUNTIF('Đăng ký'!A:A,"TC-*") + COUNTIF('Đăng nhập'!A:A,"TC-*") + COUNTIF('Tìm kiếm bài viết'!A:A,"TC-*") + COUNTIF('Xem chủ đề bài viết'!A:A,"TC-*") + COUNTIF('Xem chi tiết bài viết'!A:A,"TC-*") + COUNTIF('Tìm kiếm chuyến đi'!A:A,"TC-*") + COUNTIF('Xem danh sách chuyến tàu'!A:A,"TC-*") + COUNTIF('Xem chi tiết chuyến tàu'!A:A,"TC-*") + COUNTIF('Đặt vé'!A:A,"TC-*") + COUNTIF('Xem lịch sử đặt vé'!A:A,"TC-*") + COUNTIF('Hủy vé'!A:A,"TC-*") + COUNTIF('Bảo trì chủ đề bài viết'!A:A,"TC-*"),"000") -> TC-149 | B21: Check business | C21: Button Add Post | D21: Kiểm tra nút Add Post | E21: Đang ở màn hình quản lý bài viết | F21: 1. Click Add Post | H21: 2. Chuyển sang màn Add Post | I21: Pass | J21: Trần Thị Phương Thảo | K21: P1 | L21: Ready
A22: ="TC-" & TEXT( ROW()-ROW($A$7)+1 + COUNTIF('Đăng ký'!A:A,"TC-*") + COUNTIF('Đăng nhập'!A:A,"TC-*") + COUNTIF('Tìm kiếm bài viết'!A:A,"TC-*") + COUNTIF('Xem chủ đề bài viết'!A:A,"TC-*") + COUNTIF('Xem chi tiết bài viết'!A:A,"TC-*") + COUNTIF('Tìm kiếm chuyến đi'!A:A,"TC-*") + COUNTIF('Xem danh sách chuyến tàu'!A:A,"TC-*") + COUNTIF('Xem chi tiết chuyến tàu'!A:A,"TC-*") + COUNTIF('Đặt vé'!A:A,"TC-*") + COUNTIF('Xem lịch sử đặt vé'!A:A,"TC-*") + COUNTIF('Hủy vé'!A:A,"TC-*") + COUNTIF('Bảo trì chủ đề bài viết'!A:A,"TC-*"),"000") -> TC-150 | C22: Button Save | D22: Kiểm tra bỏ trống tất cả không nhập gì | E22: Admin ở màn Add post | F22: 1. Nhập thông tin: - Bỏ trống 2. Click button Save | H22: 2. Hệ thống hiển thị thông báo lỗi | I22: Pass | J22: Trần Thị Phương Thảo | K22: P1 | L22: Ready
A23: ="TC-" & TEXT( ROW()-ROW($A$7)+1 + COUNTIF('Đăng ký'!A:A,"TC-*") + COUNTIF('Đăng nhập'!A:A,"TC-*") + COUNTIF('Tìm kiếm bài viết'!A:A,"TC-*") + COUNTIF('Xem chủ đề bài viết'!A:A,"TC-*") + COUNTIF('Xem chi tiết bài viết'!A:A,"TC-*") + COUNTIF('Tìm kiếm chuyến đi'!A:A,"TC-*") + COUNTIF('Xem danh sách chuyến tàu'!A:A,"TC-*") + COUNTIF('Xem chi tiết chuyến tàu'!A:A,"TC-*") + COUNTIF('Đặt vé'!A:A,"TC-*") + COUNTIF('Xem lịch sử đặt vé'!A:A,"TC-*") + COUNTIF('Hủy vé'!A:A,"TC-*") + COUNTIF('Bảo trì chủ đề bài viết'!A:A,"TC-*"),"000") -> TC-151 | D23: Kiểm tra thêm mới bài viết thành công với các giá trị hợp lệ | F23: 1. Nhập thông tin: - Nhập giá trị hợp lệ cho các trường thông tin còn lại 2. Click button Save | H23: 2. Hệ thống thêm bài viết mới thành công | I23: Pass | J23: Trần Thị Phương Thảo | K23: P1 | L23: Ready
A24: ="TC-" & TEXT( ROW()-ROW($A$7)+1 + COUNTIF('Đăng ký'!A:A,"TC-*") + COUNTIF('Đăng nhập'!A:A,"TC-*") + COUNTIF('Tìm kiếm bài viết'!A:A,"TC-*") + COUNTIF('Xem chủ đề bài viết'!A:A,"TC-*") + COUNTIF('Xem chi tiết bài viết'!A:A,"TC-*") + COUNTIF('Tìm kiếm chuyến đi'!A:A,"TC-*") + COUNTIF('Xem danh sách chuyến tàu'!A:A,"TC-*") + COUNTIF('Xem chi tiết chuyến tàu'!A:A,"TC-*") + COUNTIF('Đặt vé'!A:A,"TC-*") + COUNTIF('Xem lịch sử đặt vé'!A:A,"TC-*") + COUNTIF('Hủy vé'!A:A,"TC-*") + COUNTIF('Bảo trì chủ đề bài viết'!A:A,"TC-*"),"000") -> TC-152 | C24: Icon chỉnh sửa | D24: Kiểm tra icon chỉnh sửa | E24: Đang ở màn hình quản lý bài viết | F24: 1. Click icon Sửa | H24: 2. Hệ thống chuyển sang màn Update post | I24: Pass | J24: Trần Thị Phương Thảo | K24: P2 | L24: Ready
A25: ="TC-" & TEXT( ROW()-ROW($A$7)+1 + COUNTIF('Đăng ký'!A:A,"TC-*") + COUNTIF('Đăng nhập'!A:A,"TC-*") + COUNTIF('Tìm kiếm bài viết'!A:A,"TC-*") + COUNTIF('Xem chủ đề bài viết'!A:A,"TC-*") + COUNTIF('Xem chi tiết bài viết'!A:A,"TC-*") + COUNTIF('Tìm kiếm chuyến đi'!A:A,"TC-*") + COUNTIF('Xem danh sách chuyến tàu'!A:A,"TC-*") + COUNTIF('Xem chi tiết chuyến tàu'!A:A,"TC-*") + COUNTIF('Đặt vé'!A:A,"TC-*") + COUNTIF('Xem lịch sử đặt vé'!A:A,"TC-*") + COUNTIF('Hủy vé'!A:A,"TC-*") + COUNTIF('Bảo trì chủ đề bài viết'!A:A,"TC-*"),"000") -> TC-153 | D25: Kiểm tra không thay đổi dữ liệu | E25: Admin ở màn Update post | F25: 1. Kích button Save | H25: 2. Hệ thống không thay đổi dữ liệu và trở về màn quản lý bài viết | I25: Pass | J25: Trần Thị Phương Thảo | K25: P3 | L25: Ready
A26: ="TC-" & TEXT( ROW()-ROW($A$7)+1 + COUNTIF('Đăng ký'!A:A,"TC-*") + COUNTIF('Đăng nhập'!A:A,"TC-*") + COUNTIF('Tìm kiếm bài viết'!A:A,"TC-*") + COUNTIF('Xem chủ đề bài viết'!A:A,"TC-*") + COUNTIF('Xem chi tiết bài viết'!A:A,"TC-*") + COUNTIF('Tìm kiếm chuyến đi'!A:A,"TC-*") + COUNTIF('Xem danh sách chuyến tàu'!A:A,"TC-*") + COUNTIF('Xem chi tiết chuyến tàu'!A:A,"TC-*") + COUNTIF('Đặt vé'!A:A,"TC-*") + COUNTIF('Xem lịch sử đặt vé'!A:A,"TC-*") + COUNTIF('Hủy vé'!A:A,"TC-*") + COUNTIF('Bảo trì chủ đề bài viết'!A:A,"TC-*"),"000") -> TC-154 | D26: Kiểm tra sửa bài viết thành công | F26: 1. Sửa thông tin bài viết 2. Kích button Save | H26: 2. Hệ thống cập nhật bài viết thành công | I26: Pass | J26: Trần Thị Phương Thảo | K26: P1 | L26: Ready
A27: ="TC-" & TEXT( ROW()-ROW($A$7)+1 + COUNTIF('Đăng ký'!A:A,"TC-*") + COUNTIF('Đăng nhập'!A:A,"TC-*") + COUNTIF('Tìm kiếm bài viết'!A:A,"TC-*") + COUNTIF('Xem chủ đề bài viết'!A:A,"TC-*") + COUNTIF('Xem chi tiết bài viết'!A:A,"TC-*") + COUNTIF('Tìm kiếm chuyến đi'!A:A,"TC-*") + COUNTIF('Xem danh sách chuyến tàu'!A:A,"TC-*") + COUNTIF('Xem chi tiết chuyến tàu'!A:A,"TC-*") + COUNTIF('Đặt vé'!A:A,"TC-*") + COUNTIF('Xem lịch sử đặt vé'!A:A,"TC-*") + COUNTIF('Hủy vé'!A:A,"TC-*") + COUNTIF('Bảo trì chủ đề bài viết'!A:A,"TC-*"),"000") -> TC-155 | C27: Icon Xóa | D27: Kiểm tra icon xóa | E27: Đang ở màn hình quản lý bài viết | F27: 1. Kích icon xóa | H27: 1. Hệ thống xóa bài viết và cập nhập lại database | I27: Pass | J27: Trần Thị Phương Thảo | K27: P1 | L27: Ready
A28: ="TC-" & TEXT( ROW()-ROW($A$7)+1 + COUNTIF('Đăng ký'!A:A,"TC-*") + COUNTIF('Đăng nhập'!A:A,"TC-*") + COUNTIF('Tìm kiếm bài viết'!A:A,"TC-*") + COUNTIF('Xem chủ đề bài viết'!A:A,"TC-*") + COUNTIF('Xem chi tiết bài viết'!A:A,"TC-*") + COUNTIF('Tìm kiếm chuyến đi'!A:A,"TC-*") + COUNTIF('Xem danh sách chuyến tàu'!A:A,"TC-*") + COUNTIF('Xem chi tiết chuyến tàu'!A:A,"TC-*") + COUNTIF('Đặt vé'!A:A,"TC-*") + COUNTIF('Xem lịch sử đặt vé'!A:A,"TC-*") + COUNTIF('Hủy vé'!A:A,"TC-*") + COUNTIF('Bảo trì chủ đề bài viết'!A:A,"TC-*"),"000") -> TC-156 | C28: Button Cancel | D28: Kiểm tra button Cancel | F28: 1. Click button Cancel | H28: 2. Hệ thống trở về màn quản lý bài viết | I28: Pass | J28: Trần Thị Phương Thảo | K28: P1 | L28: Ready
A29: ="TC-" & TEXT( ROW()-ROW($A$7)+1 + COUNTIF('Đăng ký'!A:A,"TC-*") + COUNTIF('Đăng nhập'!A:A,"TC-*") + COUNTIF('Tìm kiếm bài viết'!A:A,"TC-*") + COUNTIF('Xem chủ đề bài viết'!A:A,"TC-*") + COUNTIF('Xem chi tiết bài viết'!A:A,"TC-*") + COUNTIF('Tìm kiếm chuyến đi'!A:A,"TC-*") + COUNTIF('Xem danh sách chuyến tàu'!A:A,"TC-*") + COUNTIF('Xem chi tiết chuyến tàu'!A:A,"TC-*") + COUNTIF('Đặt vé'!A:A,"TC-*") + COUNTIF('Xem lịch sử đặt vé'!A:A,"TC-*") + COUNTIF('Hủy vé'!A:A,"TC-*") + COUNTIF('Bảo trì chủ đề bài viết'!A:A,"TC-*"),"000") -> TC-157 | C29: Status | D29: Kiểm tra bật/tắt trạng thái | E29: Đang ở màn hình quản lý bài viết | F29: 1. Click toggle status | H29: 2. Trạng thái thay đổi | I29: Pass | J29: Trần Thị Phương Thảo | K29: P2 | L29: Ready

Sheet Bảo trì chuyến tàu
A1: Module Code | B1: Bảo trì chuyến tàu
A2: Test requirement | B2: <Brief description about requirements which are tested in this sheet>
A3: Tester
A4: Pass | B4: Fail | C4: Untested | D4: N/A | E4: Number of Test cases
A5: =COUNTIF(I6:I1022,"Pass") -> 41 | B5: =COUNTIF(I6:I1022,"Fail") -> 0 | C5: =E5-D5-A5-B5 -> 1 | D5: =COUNTIF(H$6:I$1023,"N/A") -> 0 | E5: =COUNTA(A6:A1026) -> 42
A6: Test Case ID | B6: Group Name | C6: Sub Group Name | D6: Test Case Description | E6: Precondition | F6: Test Case Procedure | G6: Test data | H6: Expected Output | I6: Result | J6: Tester | K6: Priority | L6: Status
A7: ="TC-" & TEXT( ROW()-ROW($A$7)+1 + COUNTIF('Đăng ký'!A:A,"TC-*") + COUNTIF('Đăng nhập'!A:A,"TC-*") + COUNTIF('Tìm kiếm bài viết'!A:A,"TC-*") + COUNTIF('Xem chủ đề bài viết'!A:A,"TC-*") + COUNTIF('Xem chi tiết bài viết'!A:A,"TC-*") + COUNTIF('Tìm kiếm chuyến đi'!A:A,"TC-*") + COUNTIF('Xem danh sách chuyến tàu'!A:A,"TC-*") + COUNTIF('Xem chi tiết chuyến tàu'!A:A,"TC-*") + COUNTIF('Đặt vé'!A:A,"TC-*") + COUNTIF('Xem lịch sử đặt vé'!A:A,"TC-*") + COUNTIF('Hủy vé'!A:A,"TC-*") + COUNTIF('Bảo trì chủ đề bài viết'!A:A,"TC-*") + COUNTIF('Bảo trì bài viết'!A:A,"TC-*"),"000") -> TC-158 | B7: Access right | D7: Kiểm tra cách vào màn hình bảo trì chuyến tàu | E7: Đăng nhập bằng tài khoản admin | F7: 1.Tại màn hình trang chủ, chọn danh mục "Vé" | H7: 1. Hiển thị màn hình Quản lý vé | I7: Pass | J7: Trần Thị Phương Thảo | K7: P1 | L7: Ready | M7: Không hiển thị form xác nhận hủy vé
A8: ="TC-" & TEXT( ROW()-ROW($A$7)+1 + COUNTIF('Đăng ký'!A:A,"TC-*") + COUNTIF('Đăng nhập'!A:A,"TC-*") + COUNTIF('Tìm kiếm bài viết'!A:A,"TC-*") + COUNTIF('Xem chủ đề bài viết'!A:A,"TC-*") + COUNTIF('Xem chi tiết bài viết'!A:A,"TC-*") + COUNTIF('Tìm kiếm chuyến đi'!A:A,"TC-*") + COUNTIF('Xem danh sách chuyến tàu'!A:A,"TC-*") + COUNTIF('Xem chi tiết chuyến tàu'!A:A,"TC-*") + COUNTIF('Đặt vé'!A:A,"TC-*") + COUNTIF('Xem lịch sử đặt vé'!A:A,"TC-*") + COUNTIF('Hủy vé'!A:A,"TC-*") + COUNTIF('Bảo trì chủ đề bài viết'!A:A,"TC-*") + COUNTIF('Bảo trì bài viết'!A:A,"TC-*"),"000") -> TC-159 | B8: UI | D8: Kiểm tra số lượng các item | F8: 1. Kiểm tra số lượng các item | H8: 1.So sánh giống với design | I8: Pass | J8: Trần Thị Phương Thảo | K8: P1 | L8: Ready
A9: ="TC-" & TEXT( ROW()-ROW($A$7)+1 + COUNTIF('Đăng ký'!A:A,"TC-*") + COUNTIF('Đăng nhập'!A:A,"TC-*") + COUNTIF('Tìm kiếm bài viết'!A:A,"TC-*") + COUNTIF('Xem chủ đề bài viết'!A:A,"TC-*") + COUNTIF('Xem chi tiết bài viết'!A:A,"TC-*") + COUNTIF('Tìm kiếm chuyến đi'!A:A,"TC-*") + COUNTIF('Xem danh sách chuyến tàu'!A:A,"TC-*") + COUNTIF('Xem chi tiết chuyến tàu'!A:A,"TC-*") + COUNTIF('Đặt vé'!A:A,"TC-*") + COUNTIF('Xem lịch sử đặt vé'!A:A,"TC-*") + COUNTIF('Hủy vé'!A:A,"TC-*") + COUNTIF('Bảo trì chủ đề bài viết'!A:A,"TC-*") + COUNTIF('Bảo trì bài viết'!A:A,"TC-*"),"000") -> TC-160 | D9: Kiểm tra vị trí, font chữ, size chữ, màu sắc | F9: 1. Tại màn Quản lý các loại chủ đề kiểm tra trạng thái | H9: 1. Hiển thị đúng theo design | I9: Pass | J9: Trần Thị Phương Thảo | K9: P1 | L9: Ready
A10: ="TC-" & TEXT( ROW()-ROW($A$7)+1 + COUNTIF('Đăng ký'!A:A,"TC-*") + COUNTIF('Đăng nhập'!A:A,"TC-*") + COUNTIF('Tìm kiếm bài viết'!A:A,"TC-*") + COUNTIF('Xem chủ đề bài viết'!A:A,"TC-*") + COUNTIF('Xem chi tiết bài viết'!A:A,"TC-*") + COUNTIF('Tìm kiếm chuyến đi'!A:A,"TC-*") + COUNTIF('Xem danh sách chuyến tàu'!A:A,"TC-*") + COUNTIF('Xem chi tiết chuyến tàu'!A:A,"TC-*") + COUNTIF('Đặt vé'!A:A,"TC-*") + COUNTIF('Xem lịch sử đặt vé'!A:A,"TC-*") + COUNTIF('Hủy vé'!A:A,"TC-*") + COUNTIF('Bảo trì chủ đề bài viết'!A:A,"TC-*") + COUNTIF('Bảo trì bài viết'!A:A,"TC-*"),"000") -> TC-161 | D10: Kiểm tra trạng thái mặc định của Button | F10: 1. Tại màn Quản lý các loại chủ đề kiểm tra trạng thái | H10: 1. Button ở trạng thái disnable | I10: Pass | J10: Trần Thị Phương Thảo | K10: P2 | L10: Ready
A11: ="TC-" & TEXT( ROW()-ROW($A$7)+1 + COUNTIF('Đăng ký'!A:A,"TC-*") + COUNTIF('Đăng nhập'!A:A,"TC-*") + COUNTIF('Tìm kiếm bài viết'!A:A,"TC-*") + COUNTIF('Xem chủ đề bài viết'!A:A,"TC-*") + COUNTIF('Xem chi tiết bài viết'!A:A,"TC-*") + COUNTIF('Tìm kiếm chuyến đi'!A:A,"TC-*") + COUNTIF('Xem danh sách chuyến tàu'!A:A,"TC-*") + COUNTIF('Xem chi tiết chuyến tàu'!A:A,"TC-*") + COUNTIF('Đặt vé'!A:A,"TC-*") + COUNTIF('Xem lịch sử đặt vé'!A:A,"TC-*") + COUNTIF('Hủy vé'!A:A,"TC-*") + COUNTIF('Bảo trì chủ đề bài viết'!A:A,"TC-*") + COUNTIF('Bảo trì bài viết'!A:A,"TC-*"),"000") -> TC-162 | D11: Kiểm tra giá trị default của TextBox | F11: 1. Kiểm tra các giá trị default | H11: 1. Các text box đều hiển thị trắng | I11: Pass | J11: Trần Thị Phương Thảo | K11: P2 | L11: Ready
A12: ="TC-" & TEXT( ROW()-ROW($A$7)+1 + COUNTIF('Đăng ký'!A:A,"TC-*") + COUNTIF('Đăng nhập'!A:A,"TC-*") + COUNTIF('Tìm kiếm bài viết'!A:A,"TC-*") + COUNTIF('Xem chủ đề bài viết'!A:A,"TC-*") + COUNTIF('Xem chi tiết bài viết'!A:A,"TC-*") + COUNTIF('Tìm kiếm chuyến đi'!A:A,"TC-*") + COUNTIF('Xem danh sách chuyến tàu'!A:A,"TC-*") + COUNTIF('Xem chi tiết chuyến tàu'!A:A,"TC-*") + COUNTIF('Đặt vé'!A:A,"TC-*") + COUNTIF('Xem lịch sử đặt vé'!A:A,"TC-*") + COUNTIF('Hủy vé'!A:A,"TC-*") + COUNTIF('Bảo trì chủ đề bài viết'!A:A,"TC-*") + COUNTIF('Bảo trì bài viết'!A:A,"TC-*"),"000") -> TC-163 | D12: Kiểm tra dropdown Loại ghế | E12: Admin đang ở trang Thêm mới vé tàu | F12: 1. Click dropdown | H12: 1. Hiển thị danh sách Loại ghế | I12: Pass | J12: Trần Thị Phương Thảo | K12: P2 | L12: Ready
A13: ="TC-" & TEXT( ROW()-ROW($A$7)+1 + COUNTIF('Đăng ký'!A:A,"TC-*") + COUNTIF('Đăng nhập'!A:A,"TC-*") + COUNTIF('Tìm kiếm bài viết'!A:A,"TC-*") + COUNTIF('Xem chủ đề bài viết'!A:A,"TC-*") + COUNTIF('Xem chi tiết bài viết'!A:A,"TC-*") + COUNTIF('Tìm kiếm chuyến đi'!A:A,"TC-*") + COUNTIF('Xem danh sách chuyến tàu'!A:A,"TC-*") + COUNTIF('Xem chi tiết chuyến tàu'!A:A,"TC-*") + COUNTIF('Đặt vé'!A:A,"TC-*") + COUNTIF('Xem lịch sử đặt vé'!A:A,"TC-*") + COUNTIF('Hủy vé'!A:A,"TC-*") + COUNTIF('Bảo trì chủ đề bài viết'!A:A,"TC-*") + COUNTIF('Bảo trì bài viết'!A:A,"TC-*"),"000") -> TC-164 | D13: Kiểm tra dropdown Từ ga | F13: 1. Click dropdown | H13: 1. Hiển thị danh sách Ga đi | I13: Pass | J13: Trần Thị Phương Thảo | K13: P2 | L13: Ready
A14: ="TC-" & TEXT( ROW()-ROW($A$7)+1 + COUNTIF('Đăng ký'!A:A,"TC-*") + COUNTIF('Đăng nhập'!A:A,"TC-*") + COUNTIF('Tìm kiếm bài viết'!A:A,"TC-*") + COUNTIF('Xem chủ đề bài viết'!A:A,"TC-*") + COUNTIF('Xem chi tiết bài viết'!A:A,"TC-*") + COUNTIF('Tìm kiếm chuyến đi'!A:A,"TC-*") + COUNTIF('Xem danh sách chuyến tàu'!A:A,"TC-*") + COUNTIF('Xem chi tiết chuyến tàu'!A:A,"TC-*") + COUNTIF('Đặt vé'!A:A,"TC-*") + COUNTIF('Xem lịch sử đặt vé'!A:A,"TC-*") + COUNTIF('Hủy vé'!A:A,"TC-*") + COUNTIF('Bảo trì chủ đề bài viết'!A:A,"TC-*") + COUNTIF('Bảo trì bài viết'!A:A,"TC-*"),"000") -> TC-165 | D14: Kiểm tra dropdown Đến ga | F14: 1. Click dropdown | H14: 1. Hiển thị danh sách Ga đến | I14: Pass | J14: Trần Thị Phương Thảo | K14: P2 | L14: Ready
A15: ="TC-" & TEXT( ROW()-ROW($A$7)+1 + COUNTIF('Đăng ký'!A:A,"TC-*") + COUNTIF('Đăng nhập'!A:A,"TC-*") + COUNTIF('Tìm kiếm bài viết'!A:A,"TC-*") + COUNTIF('Xem chủ đề bài viết'!A:A,"TC-*") + COUNTIF('Xem chi tiết bài viết'!A:A,"TC-*") + COUNTIF('Tìm kiếm chuyến đi'!A:A,"TC-*") + COUNTIF('Xem danh sách chuyến tàu'!A:A,"TC-*") + COUNTIF('Xem chi tiết chuyến tàu'!A:A,"TC-*") + COUNTIF('Đặt vé'!A:A,"TC-*") + COUNTIF('Xem lịch sử đặt vé'!A:A,"TC-*") + COUNTIF('Hủy vé'!A:A,"TC-*") + COUNTIF('Bảo trì chủ đề bài viết'!A:A,"TC-*") + COUNTIF('Bảo trì bài viết'!A:A,"TC-*"),"000") -> TC-166 | D15: Hiển thị dropdown Hiển thị | F15: 1. Click dropdown | H15: 1. Hiển thị danh sách Hiển thị / ẩn | I15: Pass | J15: Trần Thị Phương Thảo | K15: P2 | L15: Ready
A16: ="TC-" & TEXT( ROW()-ROW($A$7)+1 + COUNTIF('Đăng ký'!A:A,"TC-*") + COUNTIF('Đăng nhập'!A:A,"TC-*") + COUNTIF('Tìm kiếm bài viết'!A:A,"TC-*") + COUNTIF('Xem chủ đề bài viết'!A:A,"TC-*") + COUNTIF('Xem chi tiết bài viết'!A:A,"TC-*") + COUNTIF('Tìm kiếm chuyến đi'!A:A,"TC-*") + COUNTIF('Xem danh sách chuyến tàu'!A:A,"TC-*") + COUNTIF('Xem chi tiết chuyến tàu'!A:A,"TC-*") + COUNTIF('Đặt vé'!A:A,"TC-*") + COUNTIF('Xem lịch sử đặt vé'!A:A,"TC-*") + COUNTIF('Hủy vé'!A:A,"TC-*") + COUNTIF('Bảo trì chủ đề bài viết'!A:A,"TC-*") + COUNTIF('Bảo trì bài viết'!A:A,"TC-*"),"000") -> TC-167 | B16: Check Validation | C16: Tên vé tàu | D16: Kiểm tra không nhập Tên vé tàu | E16: Admin đang ở trang Thêm mới vé tàu | F16: 1. Nhập thông tin: - Tên vé tàu: Bỏ trống - Nhập giá trị hợp lệ cho các trường thông tin còn lại 2. Click button Lưu | H16: 2. Hệ thống hiển thị lỗi yêu cầu nhập Tên vé tàu "Please fill out this field" | I16: Pass | J16: Trần Thị Phương Thảo | K16: P1 | L16: Ready
A17: ="TC-" & TEXT( ROW()-ROW($A$7)+1 + COUNTIF('Đăng ký'!A:A,"TC-*") + COUNTIF('Đăng nhập'!A:A,"TC-*") + COUNTIF('Tìm kiếm bài viết'!A:A,"TC-*") + COUNTIF('Xem chủ đề bài viết'!A:A,"TC-*") + COUNTIF('Xem chi tiết bài viết'!A:A,"TC-*") + COUNTIF('Tìm kiếm chuyến đi'!A:A,"TC-*") + COUNTIF('Xem danh sách chuyến tàu'!A:A,"TC-*") + COUNTIF('Xem chi tiết chuyến tàu'!A:A,"TC-*") + COUNTIF('Đặt vé'!A:A,"TC-*") + COUNTIF('Xem lịch sử đặt vé'!A:A,"TC-*") + COUNTIF('Hủy vé'!A:A,"TC-*") + COUNTIF('Bảo trì chủ đề bài viết'!A:A,"TC-*") + COUNTIF('Bảo trì bài viết'!A:A,"TC-*"),"000") -> TC-168 | D17: Kiểm tra nhập đúng yêu cầu ký tự trong đó chứa ký tự đặc biệt và chữ hoa chữ thường | F17: 1. Nhập thông tin: - Tên vé tàu: Vé tàu đi Hà Nội!!! - Nhập giá trị hợp lệ cho các trường thông tin còn lại 2. Click button Lưu | G17: Tên vé tàu: Vé tàu đi Hà Nội!!! | H17: 2. Hệ thống thêm chuyến tàu mới thành công | I17: Pass | J17: Trần Thị Phương Thảo | K17: P1 | L17: Ready
A18: ="TC-" & TEXT( ROW()-ROW($A$7)+1 + COUNTIF('Đăng ký'!A:A,"TC-*") + COUNTIF('Đăng nhập'!A:A,"TC-*") + COUNTIF('Tìm kiếm bài viết'!A:A,"TC-*") + COUNTIF('Xem chủ đề bài viết'!A:A,"TC-*") + COUNTIF('Xem chi tiết bài viết'!A:A,"TC-*") + COUNTIF('Tìm kiếm chuyến đi'!A:A,"TC-*") + COUNTIF('Xem danh sách chuyến tàu'!A:A,"TC-*") + COUNTIF('Xem chi tiết chuyến tàu'!A:A,"TC-*") + COUNTIF('Đặt vé'!A:A,"TC-*") + COUNTIF('Xem lịch sử đặt vé'!A:A,"TC-*") + COUNTIF('Hủy vé'!A:A,"TC-*") + COUNTIF('Bảo trì chủ đề bài viết'!A:A,"TC-*") + COUNTIF('Bảo trì bài viết'!A:A,"TC-*"),"000") -> TC-169 | C18: Nội dung mô tả | D18: Kiểm tra không nhập Nội dung mô tả | F18: 1. Nhập thông tin: - Nội dung mô tả: Bỏ trống - Nhập giá trị hợp lệ cho các trường thông tin còn lại 2. Click button Lưu | H18: 2. Hệ thống hiển thị lỗi yêu cầu nhập Tên vé tàu "Please fill out this field" | I18: Pass | J18: Trần Thị Phương Thảo | K18: P1 | L18: Ready
A19: ="TC-" & TEXT( ROW()-ROW($A$7)+1 + COUNTIF('Đăng ký'!A:A,"TC-*") + COUNTIF('Đăng nhập'!A:A,"TC-*") + COUNTIF('Tìm kiếm bài viết'!A:A,"TC-*") + COUNTIF('Xem chủ đề bài viết'!A:A,"TC-*") + COUNTIF('Xem chi tiết bài viết'!A:A,"TC-*") + COUNTIF('Tìm kiếm chuyến đi'!A:A,"TC-*") + COUNTIF('Xem danh sách chuyến tàu'!A:A,"TC-*") + COUNTIF('Xem chi tiết chuyến tàu'!A:A,"TC-*") + COUNTIF('Đặt vé'!A:A,"TC-*") + COUNTIF('Xem lịch sử đặt vé'!A:A,"TC-*") + COUNTIF('Hủy vé'!A:A,"TC-*") + COUNTIF('Bảo trì chủ đề bài viết'!A:A,"TC-*") + COUNTIF('Bảo trì bài viết'!A:A,"TC-*"),"000") -> TC-170 | D19: Kiểm tra nhập đúng yêu cầu ký tự trong đó chứa ký tự đặc biệt và chữ hoa chữ thường | F19: 1. Nhập thông tin: - Nội dung mô tả: Vé tàu đi Hà Nội - Chuyến đi hạnh phúc!!! - Nhập giá trị hợp lệ cho các trường thông tin còn lại 2. Click button Lưu | G19: Nội dung mô tả: Vé tàu đi Hà Nội - Chuyến đi hạnh phúc!!! | H19: 2. Hệ thống thêm chuyến tàu mới thành công | I19: Pass | J19: Trần Thị Phương Thảo | K19: P1 | L19: Ready
A20: ="TC-" & TEXT( ROW()-ROW($A$7)+1 + COUNTIF('Đăng ký'!A:A,"TC-*") + COUNTIF('Đăng nhập'!A:A,"TC-*") + COUNTIF('Tìm kiếm bài viết'!A:A,"TC-*") + COUNTIF('Xem chủ đề bài viết'!A:A,"TC-*") + COUNTIF('Xem chi tiết bài viết'!A:A,"TC-*") + COUNTIF('Tìm kiếm chuyến đi'!A:A,"TC-*") + COUNTIF('Xem danh sách chuyến tàu'!A:A,"TC-*") + COUNTIF('Xem chi tiết chuyến tàu'!A:A,"TC-*") + COUNTIF('Đặt vé'!A:A,"TC-*") + COUNTIF('Xem lịch sử đặt vé'!A:A,"TC-*") + COUNTIF('Hủy vé'!A:A,"TC-*") + COUNTIF('Bảo trì chủ đề bài viết'!A:A,"TC-*") + COUNTIF('Bảo trì bài viết'!A:A,"TC-*"),"000") -> TC-171 | C20: Mã tàu | D20: Kiểm tra không nhập Mã tàu | F20: 1. Nhập thông tin: - Mã tàu: Bỏ trống - Nhập giá trị hợp lệ cho các trường thông tin còn lại 2. Click button Lưu | H20: 2. Hệ thống hiển thị lỗi yêu cầu nhập Mã tàu "Please fill out this field" | I20: Pass | J20: Trần Thị Phương Thảo | K20: P1 | L20: Ready
A21: ="TC-" & TEXT( ROW()-ROW($A$7)+1 + COUNTIF('Đăng ký'!A:A,"TC-*") + COUNTIF('Đăng nhập'!A:A,"TC-*") + COUNTIF('Tìm kiếm bài viết'!A:A,"TC-*") + COUNTIF('Xem chủ đề bài viết'!A:A,"TC-*") + COUNTIF('Xem chi tiết bài viết'!A:A,"TC-*") + COUNTIF('Tìm kiếm chuyến đi'!A:A,"TC-*") + COUNTIF('Xem danh sách chuyến tàu'!A:A,"TC-*") + COUNTIF('Xem chi tiết chuyến tàu'!A:A,"TC-*") + COUNTIF('Đặt vé'!A:A,"TC-*") + COUNTIF('Xem lịch sử đặt vé'!A:A,"TC-*") + COUNTIF('Hủy vé'!A:A,"TC-*") + COUNTIF('Bảo trì chủ đề bài viết'!A:A,"TC-*") + COUNTIF('Bảo trì bài viết'!A:A,"TC-*"),"000") -> TC-172 | C21: Số lượng ghế | D21: Kiểm tra không nhập Số lượng ghế | F21: 1. Nhập thông tin: - Số lượng ghế: Bỏ trống - Nhập giá trị hợp lệ cho các trường thông tin còn lại 2. Click button Lưu | H21: 2. Hệ thống hiển thị lỗi yêu cầu nhập Số lượng ghế "Please fill out this field" | I21: Pass | J21: Trần Thị Phương Thảo | K21: P1 | L21: Ready
A22: ="TC-" & TEXT( ROW()-ROW($A$7)+1 + COUNTIF('Đăng ký'!A:A,"TC-*") + COUNTIF('Đăng nhập'!A:A,"TC-*") + COUNTIF('Tìm kiếm bài viết'!A:A,"TC-*") + COUNTIF('Xem chủ đề bài viết'!A:A,"TC-*") + COUNTIF('Xem chi tiết bài viết'!A:A,"TC-*") + COUNTIF('Tìm kiếm chuyến đi'!A:A,"TC-*") + COUNTIF('Xem danh sách chuyến tàu'!A:A,"TC-*") + COUNTIF('Xem chi tiết chuyến tàu'!A:A,"TC-*") + COUNTIF('Đặt vé'!A:A,"TC-*") + COUNTIF('Xem lịch sử đặt vé'!A:A,"TC-*") + COUNTIF('Hủy vé'!A:A,"TC-*") + COUNTIF('Bảo trì chủ đề bài viết'!A:A,"TC-*") + COUNTIF('Bảo trì bài viết'!A:A,"TC-*"),"000") -> TC-173 | D22: Kiểm tra nhập số ghế là số âm | F22: 1. Nhập thông tin: - Số lượng ghế: -1 - Nhập giá trị hợp lệ cho các trường thông tin còn lại 2. Click button Lưu | G22: Số lượng ghế: -1 | H22: 2. Hệ thống hiển thị thống báo lỗi "Value must be greater than or equal to 50" | I22: Pass | J22: Trần Thị Phương Thảo | K22: P1 | L22: Ready
A23: ="TC-" & TEXT( ROW()-ROW($A$7)+1 + COUNTIF('Đăng ký'!A:A,"TC-*") + COUNTIF('Đăng nhập'!A:A,"TC-*") + COUNTIF('Tìm kiếm bài viết'!A:A,"TC-*") + COUNTIF('Xem chủ đề bài viết'!A:A,"TC-*") + COUNTIF('Xem chi tiết bài viết'!A:A,"TC-*") + COUNTIF('Tìm kiếm chuyến đi'!A:A,"TC-*") + COUNTIF('Xem danh sách chuyến tàu'!A:A,"TC-*") + COUNTIF('Xem chi tiết chuyến tàu'!A:A,"TC-*") + COUNTIF('Đặt vé'!A:A,"TC-*") + COUNTIF('Xem lịch sử đặt vé'!A:A,"TC-*") + COUNTIF('Hủy vé'!A:A,"TC-*") + COUNTIF('Bảo trì chủ đề bài viết'!A:A,"TC-*") + COUNTIF('Bảo trì bài viết'!A:A,"TC-*"),"000") -> TC-174 | D23: Kiểm tra nhập số ghế là 0 | F23: 1. Nhập thông tin: - Số lượng ghế: 0 - Nhập giá trị hợp lệ cho các trường thông tin còn lại 2. Click button Lưu | G23: Số lượng ghế: 0 | H23: 2. Hệ thống hiển thị thống báo lỗi "Value must be greater than or equal to 50" | I23: Pass | J23: Trần Thị Phương Thảo | K23: P1 | L23: Ready
A24: ="TC-" & TEXT( ROW()-ROW($A$7)+1 + COUNTIF('Đăng ký'!A:A,"TC-*") + COUNTIF('Đăng nhập'!A:A,"TC-*") + COUNTIF('Tìm kiếm bài viết'!A:A,"TC-*") + COUNTIF('Xem chủ đề bài viết'!A:A,"TC-*") + COUNTIF('Xem chi tiết bài viết'!A:A,"TC-*") + COUNTIF('Tìm kiếm chuyến đi'!A:A,"TC-*") + COUNTIF('Xem danh sách chuyến tàu'!A:A,"TC-*") + COUNTIF('Xem chi tiết chuyến tàu'!A:A,"TC-*") + COUNTIF('Đặt vé'!A:A,"TC-*") + COUNTIF('Xem lịch sử đặt vé'!A:A,"TC-*") + COUNTIF('Hủy vé'!A:A,"TC-*") + COUNTIF('Bảo trì chủ đề bài viết'!A:A,"TC-*") + COUNTIF('Bảo trì bài viết'!A:A,"TC-*"),"000") -> TC-175 | D24: Kiểm tra nhập số ghế nhỏ hơn 50 | F24: 1. Nhập thông tin: - Số lượng ghế: 49 - Nhập giá trị hợp lệ cho các trường thông tin còn lại 2. Click button Lưu | G24: Số lượng ghế: 49 | H24: 2. Hệ thống hiển thị thống báo lỗi "Value must be greater than or equal to 50" | I24: Pass | J24: Trần Thị Phương Thảo | K24: P1 | L24: Ready
A25: ="TC-" & TEXT( ROW()-ROW($A$7)+1 + COUNTIF('Đăng ký'!A:A,"TC-*") + COUNTIF('Đăng nhập'!A:A,"TC-*") + COUNTIF('Tìm kiếm bài viết'!A:A,"TC-*") + COUNTIF('Xem chủ đề bài viết'!A:A,"TC-*") + COUNTIF('Xem chi tiết bài viết'!A:A,"TC-*") + COUNTIF('Tìm kiếm chuyến đi'!A:A,"TC-*") + COUNTIF('Xem danh sách chuyến tàu'!A:A,"TC-*") + COUNTIF('Xem chi tiết chuyến tàu'!A:A,"TC-*") + COUNTIF('Đặt vé'!A:A,"TC-*") + COUNTIF('Xem lịch sử đặt vé'!A:A,"TC-*") + COUNTIF('Hủy vé'!A:A,"TC-*") + COUNTIF('Bảo trì chủ đề bài viết'!A:A,"TC-*") + COUNTIF('Bảo trì bài viết'!A:A,"TC-*"),"000") -> TC-176 | D25: Kiểm tra nhập số ghế là 50 | F25: 1. Nhập thông tin: - Số lượng ghế: 50 - Nhập giá trị hợp lệ cho các trường thông tin còn lại 2. Click button Lưu | G25: Số lượng ghế: 50 | H25: 2. Hệ thống thêm chuyến tàu mới thành công | I25: Pass | J25: Trần Thị Phương Thảo | K25: P1 | L25: Ready
A26: ="TC-" & TEXT( ROW()-ROW($A$7)+1 + COUNTIF('Đăng ký'!A:A,"TC-*") + COUNTIF('Đăng nhập'!A:A,"TC-*") + COUNTIF('Tìm kiếm bài viết'!A:A,"TC-*") + COUNTIF('Xem chủ đề bài viết'!A:A,"TC-*") + COUNTIF('Xem chi tiết bài viết'!A:A,"TC-*") + COUNTIF('Tìm kiếm chuyến đi'!A:A,"TC-*") + COUNTIF('Xem danh sách chuyến tàu'!A:A,"TC-*") + COUNTIF('Xem chi tiết chuyến tàu'!A:A,"TC-*") + COUNTIF('Đặt vé'!A:A,"TC-*") + COUNTIF('Xem lịch sử đặt vé'!A:A,"TC-*") + COUNTIF('Hủy vé'!A:A,"TC-*") + COUNTIF('Bảo trì chủ đề bài viết'!A:A,"TC-*") + COUNTIF('Bảo trì bài viết'!A:A,"TC-*"),"000") -> TC-177 | D26: Kiểm tra nhập số ghế lớn hơn 50 | F26: 1. Nhập thông tin: - Số lượng ghế: 60 - Nhập giá trị hợp lệ cho các trường thông tin còn lại 2. Click button Lưu | G26: Số lượng ghế: 60 | H26: 2. Hệ thống thêm chuyến tàu mới thành công | I26: Pass | J26: Trần Thị Phương Thảo | K26: P1 | L26: Ready
A27: ="TC-" & TEXT( ROW()-ROW($A$7)+1 + COUNTIF('Đăng ký'!A:A,"TC-*") + COUNTIF('Đăng nhập'!A:A,"TC-*") + COUNTIF('Tìm kiếm bài viết'!A:A,"TC-*") + COUNTIF('Xem chủ đề bài viết'!A:A,"TC-*") + COUNTIF('Xem chi tiết bài viết'!A:A,"TC-*") + COUNTIF('Tìm kiếm chuyến đi'!A:A,"TC-*") + COUNTIF('Xem danh sách chuyến tàu'!A:A,"TC-*") + COUNTIF('Xem chi tiết chuyến tàu'!A:A,"TC-*") + COUNTIF('Đặt vé'!A:A,"TC-*") + COUNTIF('Xem lịch sử đặt vé'!A:A,"TC-*") + COUNTIF('Hủy vé'!A:A,"TC-*") + COUNTIF('Bảo trì chủ đề bài viết'!A:A,"TC-*") + COUNTIF('Bảo trì bài viết'!A:A,"TC-*"),"000") -> TC-178 | D27: Kiểm tra nhập số ghế là số thập phân | F27: 1. Nhập thông tin: - Số lượng ghế: 19.5 - Nhập giá trị hợp lệ cho các trường thông tin còn lại 2. Click button Lưu | G27: Số lượng ghế: 19.5 | H27: 2. Hệ thống hiển thị thống báo lỗi "Value must be greater than or equal to 50" | I27: Pass | J27: Trần Thị Phương Thảo | K27: P1 | L27: Ready
A28: ="TC-" & TEXT( ROW()-ROW($A$7)+1 + COUNTIF('Đăng ký'!A:A,"TC-*") + COUNTIF('Đăng nhập'!A:A,"TC-*") + COUNTIF('Tìm kiếm bài viết'!A:A,"TC-*") + COUNTIF('Xem chủ đề bài viết'!A:A,"TC-*") + COUNTIF('Xem chi tiết bài viết'!A:A,"TC-*") + COUNTIF('Tìm kiếm chuyến đi'!A:A,"TC-*") + COUNTIF('Xem danh sách chuyến tàu'!A:A,"TC-*") + COUNTIF('Xem chi tiết chuyến tàu'!A:A,"TC-*") + COUNTIF('Đặt vé'!A:A,"TC-*") + COUNTIF('Xem lịch sử đặt vé'!A:A,"TC-*") + COUNTIF('Hủy vé'!A:A,"TC-*") + COUNTIF('Bảo trì chủ đề bài viết'!A:A,"TC-*") + COUNTIF('Bảo trì bài viết'!A:A,"TC-*"),"000") -> TC-179 | C28: Ngày đi | D28: Kiểm tra không chọn Ngày đi | F28: 1. Nhập thông tin: - Ngày đi: Bỏ chọn - Nhập giá trị hợp lệ cho các trường thông tin còn lại 2. Click button Lưu | H28: 2. Hệ thống hiển thị lỗi yêu cầu nhập Ngày đi "Please fill out this field" | I28: Pass | J28: Trần Thị Phương Thảo | K28: P1 | L28: Ready
A29: ="TC-" & TEXT( ROW()-ROW($A$7)+1 + COUNTIF('Đăng ký'!A:A,"TC-*") + COUNTIF('Đăng nhập'!A:A,"TC-*") + COUNTIF('Tìm kiếm bài viết'!A:A,"TC-*") + COUNTIF('Xem chủ đề bài viết'!A:A,"TC-*") + COUNTIF('Xem chi tiết bài viết'!A:A,"TC-*") + COUNTIF('Tìm kiếm chuyến đi'!A:A,"TC-*") + COUNTIF('Xem danh sách chuyến tàu'!A:A,"TC-*") + COUNTIF('Xem chi tiết chuyến tàu'!A:A,"TC-*") + COUNTIF('Đặt vé'!A:A,"TC-*") + COUNTIF('Xem lịch sử đặt vé'!A:A,"TC-*") + COUNTIF('Hủy vé'!A:A,"TC-*") + COUNTIF('Bảo trì chủ đề bài viết'!A:A,"TC-*") + COUNTIF('Bảo trì bài viết'!A:A,"TC-*"),"000") -> TC-180 | C29: Thời gian đi | D29: Kiểm tra không chọn Thời gian đi | F29: 1. Nhập thông tin: - Thời gian đi: Bỏ chọn - Nhập giá trị hợp lệ cho các trường thông tin còn lại 2. Click button Lưu | H29: 2. Hệ thống hiển thị lỗi yêu cầu nhập Thời gian đi "Please fill out this field" | I29: Pass | J29: Trần Thị Phương Thảo | K29: P1 | L29: Ready
A30: ="TC-" & TEXT( ROW()-ROW($A$7)+1 + COUNTIF('Đăng ký'!A:A,"TC-*") + COUNTIF('Đăng nhập'!A:A,"TC-*") + COUNTIF('Tìm kiếm bài viết'!A:A,"TC-*") + COUNTIF('Xem chủ đề bài viết'!A:A,"TC-*") + COUNTIF('Xem chi tiết bài viết'!A:A,"TC-*") + COUNTIF('Tìm kiếm chuyến đi'!A:A,"TC-*") + COUNTIF('Xem danh sách chuyến tàu'!A:A,"TC-*") + COUNTIF('Xem chi tiết chuyến tàu'!A:A,"TC-*") + COUNTIF('Đặt vé'!A:A,"TC-*") + COUNTIF('Xem lịch sử đặt vé'!A:A,"TC-*") + COUNTIF('Hủy vé'!A:A,"TC-*") + COUNTIF('Bảo trì chủ đề bài viết'!A:A,"TC-*") + COUNTIF('Bảo trì bài viết'!A:A,"TC-*"),"000") -> TC-181 | C30: Thời gian đến | D30: Kiểm tra không chọn Thời gian đến | F30: 1. Nhập thông tin: - Thời gian đến: Bỏ chọn - Nhập giá trị hợp lệ cho các trường thông tin còn lại 2. Click button Lưu | H30: 2. Hệ thống hiển thị lỗi yêu cầu nhập Thời gian đến "Please fill out this field" | I30: Pass | J30: Trần Thị Phương Thảo | K30: P1 | L30: Ready
A31: ="TC-" & TEXT( ROW()-ROW($A$7)+1 + COUNTIF('Đăng ký'!A:A,"TC-*") + COUNTIF('Đăng nhập'!A:A,"TC-*") + COUNTIF('Tìm kiếm bài viết'!A:A,"TC-*") + COUNTIF('Xem chủ đề bài viết'!A:A,"TC-*") + COUNTIF('Xem chi tiết bài viết'!A:A,"TC-*") + COUNTIF('Tìm kiếm chuyến đi'!A:A,"TC-*") + COUNTIF('Xem danh sách chuyến tàu'!A:A,"TC-*") + COUNTIF('Xem chi tiết chuyến tàu'!A:A,"TC-*") + COUNTIF('Đặt vé'!A:A,"TC-*") + COUNTIF('Xem lịch sử đặt vé'!A:A,"TC-*") + COUNTIF('Hủy vé'!A:A,"TC-*") + COUNTIF('Bảo trì chủ đề bài viết'!A:A,"TC-*") + COUNTIF('Bảo trì bài viết'!A:A,"TC-*"),"000") -> TC-182 | C31: Giá vé | D31: Kiểm tra không nhập Giá vé | F31: 1. Nhập thông tin: - Giá vé: Bỏ chọn - Nhập giá trị hợp lệ cho các trường thông tin còn lại 2. Click button Lưu | H31: 2. Hệ thống hiển thị lỗi yêu cầu nhập Giá vé "Please fill out this field" | I31: Pass | J31: Trần Thị Phương Thảo | K31: P1 | L31: Ready
A32: ="TC-" & TEXT( ROW()-ROW($A$7)+1 + COUNTIF('Đăng ký'!A:A,"TC-*") + COUNTIF('Đăng nhập'!A:A,"TC-*") + COUNTIF('Tìm kiếm bài viết'!A:A,"TC-*") + COUNTIF('Xem chủ đề bài viết'!A:A,"TC-*") + COUNTIF('Xem chi tiết bài viết'!A:A,"TC-*") + COUNTIF('Tìm kiếm chuyến đi'!A:A,"TC-*") + COUNTIF('Xem danh sách chuyến tàu'!A:A,"TC-*") + COUNTIF('Xem chi tiết chuyến tàu'!A:A,"TC-*") + COUNTIF('Đặt vé'!A:A,"TC-*") + COUNTIF('Xem lịch sử đặt vé'!A:A,"TC-*") + COUNTIF('Hủy vé'!A:A,"TC-*") + COUNTIF('Bảo trì chủ đề bài viết'!A:A,"TC-*") + COUNTIF('Bảo trì bài viết'!A:A,"TC-*"),"000") -> TC-183 | D32: Kiểm tra nhập Giá vé là số âm | F32: 1. Nhập thông tin: - Giá vé: -10 - Nhập giá trị hợp lệ cho các trường thông tin còn lại 2. Click button Lưu | G32: Giá vé: -10 | H32: 2. Hệ thống hiển thị thống báo lỗi "Value must be greater than or equal to 30" | I32: Pass | J32: Trần Thị Phương Thảo | K32: P1 | L32: Ready
A33: ="TC-" & TEXT( ROW()-ROW($A$7)+1 + COUNTIF('Đăng ký'!A:A,"TC-*") + COUNTIF('Đăng nhập'!A:A,"TC-*") + COUNTIF('Tìm kiếm bài viết'!A:A,"TC-*") + COUNTIF('Xem chủ đề bài viết'!A:A,"TC-*") + COUNTIF('Xem chi tiết bài viết'!A:A,"TC-*") + COUNTIF('Tìm kiếm chuyến đi'!A:A,"TC-*") + COUNTIF('Xem danh sách chuyến tàu'!A:A,"TC-*") + COUNTIF('Xem chi tiết chuyến tàu'!A:A,"TC-*") + COUNTIF('Đặt vé'!A:A,"TC-*") + COUNTIF('Xem lịch sử đặt vé'!A:A,"TC-*") + COUNTIF('Hủy vé'!A:A,"TC-*") + COUNTIF('Bảo trì chủ đề bài viết'!A:A,"TC-*") + COUNTIF('Bảo trì bài viết'!A:A,"TC-*"),"000") -> TC-184 | D33: Kiểm tra nhập Giá vé là 0 | F33: 1. Nhập thông tin: - Giá vé: 0 - Nhập giá trị hợp lệ cho các trường thông tin còn lại 2. Click button Lưu | G33: Giá vé: 0 | H33: 2. Hệ thống hiển thị thống báo lỗi "Value must be greater than or equal to 30" | I33: Pass | J33: Trần Thị Phương Thảo | K33: P1 | L33: Ready
A34: ="TC-" & TEXT( ROW()-ROW($A$7)+1 + COUNTIF('Đăng ký'!A:A,"TC-*") + COUNTIF('Đăng nhập'!A:A,"TC-*") + COUNTIF('Tìm kiếm bài viết'!A:A,"TC-*") + COUNTIF('Xem chủ đề bài viết'!A:A,"TC-*") + COUNTIF('Xem chi tiết bài viết'!A:A,"TC-*") + COUNTIF('Tìm kiếm chuyến đi'!A:A,"TC-*") + COUNTIF('Xem danh sách chuyến tàu'!A:A,"TC-*") + COUNTIF('Xem chi tiết chuyến tàu'!A:A,"TC-*") + COUNTIF('Đặt vé'!A:A,"TC-*") + COUNTIF('Xem lịch sử đặt vé'!A:A,"TC-*") + COUNTIF('Hủy vé'!A:A,"TC-*") + COUNTIF('Bảo trì chủ đề bài viết'!A:A,"TC-*") + COUNTIF('Bảo trì bài viết'!A:A,"TC-*"),"000") -> TC-185 | D34: Kiểm tra nhập Giá vé nhỏ hơn 30 | F34: 1. Nhập thông tin: - Giá vé: 10 - Nhập giá trị hợp lệ cho các trường thông tin còn lại 2. Click button Lưu | G34: Giá vé: 10 | H34: 2. Hệ thống hiển thị thống báo lỗi "Value must be greater than or equal to 30" | I34: Pass | J34: Trần Thị Phương Thảo | K34: P1 | L34: Ready
A35: ="TC-" & TEXT( ROW()-ROW($A$7)+1 + COUNTIF('Đăng ký'!A:A,"TC-*") + COUNTIF('Đăng nhập'!A:A,"TC-*") + COUNTIF('Tìm kiếm bài viết'!A:A,"TC-*") + COUNTIF('Xem chủ đề bài viết'!A:A,"TC-*") + COUNTIF('Xem chi tiết bài viết'!A:A,"TC-*") + COUNTIF('Tìm kiếm chuyến đi'!A:A,"TC-*") + COUNTIF('Xem danh sách chuyến tàu'!A:A,"TC-*") + COUNTIF('Xem chi tiết chuyến tàu'!A:A,"TC-*") + COUNTIF('Đặt vé'!A:A,"TC-*") + COUNTIF('Xem lịch sử đặt vé'!A:A,"TC-*") + COUNTIF('Hủy vé'!A:A,"TC-*") + COUNTIF('Bảo trì chủ đề bài viết'!A:A,"TC-*") + COUNTIF('Bảo trì bài viết'!A:A,"TC-*"),"000") -> TC-186 | D35: Kiểm tra nhập Giá vé là 30 | F35: 1. Nhập thông tin: - Giá vé: 30 - Nhập giá trị hợp lệ cho các trường thông tin còn lại 2. Click button Lưu | G35: Giá vé: 30 | H35: 2. Hệ thống thêm chuyến tàu mới thành công | I35: Pass | J35: Trần Thị Phương Thảo | K35: P1 | L35: Ready
A36: ="TC-" & TEXT( ROW()-ROW($A$7)+1 + COUNTIF('Đăng ký'!A:A,"TC-*") + COUNTIF('Đăng nhập'!A:A,"TC-*") + COUNTIF('Tìm kiếm bài viết'!A:A,"TC-*") + COUNTIF('Xem chủ đề bài viết'!A:A,"TC-*") + COUNTIF('Xem chi tiết bài viết'!A:A,"TC-*") + COUNTIF('Tìm kiếm chuyến đi'!A:A,"TC-*") + COUNTIF('Xem danh sách chuyến tàu'!A:A,"TC-*") + COUNTIF('Xem chi tiết chuyến tàu'!A:A,"TC-*") + COUNTIF('Đặt vé'!A:A,"TC-*") + COUNTIF('Xem lịch sử đặt vé'!A:A,"TC-*") + COUNTIF('Hủy vé'!A:A,"TC-*") + COUNTIF('Bảo trì chủ đề bài viết'!A:A,"TC-*") + COUNTIF('Bảo trì bài viết'!A:A,"TC-*"),"000") -> TC-187 | D36: Kiểm tra nhập Giá vé trong khoảng 30 - 3000 | F36: 1. Nhập thông tin: - Giá vé: 2000 - Nhập giá trị hợp lệ cho các trường thông tin còn lại 2. Click button Lưu | G36: Giá vé: 2000 | H36: 2. Hệ thống thêm chuyến tàu mới thành công | I36: Pass | J36: Trần Thị Phương Thảo | K36: P1 | L36: Ready
A37: ="TC-" & TEXT( ROW()-ROW($A$7)+1 + COUNTIF('Đăng ký'!A:A,"TC-*") + COUNTIF('Đăng nhập'!A:A,"TC-*") + COUNTIF('Tìm kiếm bài viết'!A:A,"TC-*") + COUNTIF('Xem chủ đề bài viết'!A:A,"TC-*") + COUNTIF('Xem chi tiết bài viết'!A:A,"TC-*") + COUNTIF('Tìm kiếm chuyến đi'!A:A,"TC-*") + COUNTIF('Xem danh sách chuyến tàu'!A:A,"TC-*") + COUNTIF('Xem chi tiết chuyến tàu'!A:A,"TC-*") + COUNTIF('Đặt vé'!A:A,"TC-*") + COUNTIF('Xem lịch sử đặt vé'!A:A,"TC-*") + COUNTIF('Hủy vé'!A:A,"TC-*") + COUNTIF('Bảo trì chủ đề bài viết'!A:A,"TC-*") + COUNTIF('Bảo trì bài viết'!A:A,"TC-*"),"000") -> TC-188 | D37: Kiểm tra nhập Giá vé là 3000 | F37: 1. Nhập thông tin: - Giá vé: 3500 - Nhập giá trị hợp lệ cho các trường thông tin còn lại 2. Click button Lưu | G37: Giá vé: 50 | H37: 2. Hệ thống thêm chuyến tàu mới thành công | I37: Pass | J37: Trần Thị Phương Thảo | K37: P1 | L37: Ready
A38: ="TC-" & TEXT( ROW()-ROW($A$7)+1 + COUNTIF('Đăng ký'!A:A,"TC-*") + COUNTIF('Đăng nhập'!A:A,"TC-*") + COUNTIF('Tìm kiếm bài viết'!A:A,"TC-*") + COUNTIF('Xem chủ đề bài viết'!A:A,"TC-*") + COUNTIF('Xem chi tiết bài viết'!A:A,"TC-*") + COUNTIF('Tìm kiếm chuyến đi'!A:A,"TC-*") + COUNTIF('Xem danh sách chuyến tàu'!A:A,"TC-*") + COUNTIF('Xem chi tiết chuyến tàu'!A:A,"TC-*") + COUNTIF('Đặt vé'!A:A,"TC-*") + COUNTIF('Xem lịch sử đặt vé'!A:A,"TC-*") + COUNTIF('Hủy vé'!A:A,"TC-*") + COUNTIF('Bảo trì chủ đề bài viết'!A:A,"TC-*") + COUNTIF('Bảo trì bài viết'!A:A,"TC-*"),"000") -> TC-189 | D38: Kiểm tra nhập Giá vé tư lớn hơn 3000 | F38: 1. Nhập thông tin: - Giá vé: 3500 - Nhập giá trị hợp lệ cho các trường thông tin còn lại 2. Click button Lưu | G38: Giá vé: 3500 | H38: 2. Hệ thống hiển thị thống báo lỗi "Value must be less than or equal to 30" | I38: Pass | J38: Trần Thị Phương Thảo | K38: P1 | L38: Ready
A39: ="TC-" & TEXT( ROW()-ROW($A$7)+1 + COUNTIF('Đăng ký'!A:A,"TC-*") + COUNTIF('Đăng nhập'!A:A,"TC-*") + COUNTIF('Tìm kiếm bài viết'!A:A,"TC-*") + COUNTIF('Xem chủ đề bài viết'!A:A,"TC-*") + COUNTIF('Xem chi tiết bài viết'!A:A,"TC-*") + COUNTIF('Tìm kiếm chuyến đi'!A:A,"TC-*") + COUNTIF('Xem danh sách chuyến tàu'!A:A,"TC-*") + COUNTIF('Xem chi tiết chuyến tàu'!A:A,"TC-*") + COUNTIF('Đặt vé'!A:A,"TC-*") + COUNTIF('Xem lịch sử đặt vé'!A:A,"TC-*") + COUNTIF('Hủy vé'!A:A,"TC-*") + COUNTIF('Bảo trì chủ đề bài viết'!A:A,"TC-*") + COUNTIF('Bảo trì bài viết'!A:A,"TC-*"),"000") -> TC-190 | D39: Kiểm tra nhập Giá vé tư là số thập phân | F39: 1. Nhập thông tin: - Giá vé: 350.25 - Nhập giá trị hợp lệ cho các trường thông tin còn lại 2. Click button Lưu | G39: Giá vé: 350.25 | H39: 2. Hệ thống hiển thị thống báo lỗi | I39: Pass | J39: Trần Thị Phương Thảo | K39: P1 | L39: Ready
A40: ="TC-" & TEXT( ROW()-ROW($A$7)+1 + COUNTIF('Đăng ký'!A:A,"TC-*") + COUNTIF('Đăng nhập'!A:A,"TC-*") + COUNTIF('Tìm kiếm bài viết'!A:A,"TC-*") + COUNTIF('Xem chủ đề bài viết'!A:A,"TC-*") + COUNTIF('Xem chi tiết bài viết'!A:A,"TC-*") + COUNTIF('Tìm kiếm chuyến đi'!A:A,"TC-*") + COUNTIF('Xem danh sách chuyến tàu'!A:A,"TC-*") + COUNTIF('Xem chi tiết chuyến tàu'!A:A,"TC-*") + COUNTIF('Đặt vé'!A:A,"TC-*") + COUNTIF('Xem lịch sử đặt vé'!A:A,"TC-*") + COUNTIF('Hủy vé'!A:A,"TC-*") + COUNTIF('Bảo trì chủ đề bài viết'!A:A,"TC-*") + COUNTIF('Bảo trì bài viết'!A:A,"TC-*"),"000") -> TC-191 | B40: Check business | C40: Thêm mới vé tàu | D40: Kiểm tra bỏ trống tất cả không nhập gì | E40: Admin đang ở trang Thêm mới vé tàu | F40: 1. Nhập thông tin: - Bỏ trống tất cả các trường 2. Click button Lưu | H40: 2. Hệ thống hiển thị thông báo lỗi "Please fill out this field" | I40: Pass | J40: Trần Thị Phương Thảo | K40: P1 | L40: Ready
A41: ="TC-" & TEXT( ROW()-ROW($A$7)+1 + COUNTIF('Đăng ký'!A:A,"TC-*") + COUNTIF('Đăng nhập'!A:A,"TC-*") + COUNTIF('Tìm kiếm bài viết'!A:A,"TC-*") + COUNTIF('Xem chủ đề bài viết'!A:A,"TC-*") + COUNTIF('Xem chi tiết bài viết'!A:A,"TC-*") + COUNTIF('Tìm kiếm chuyến đi'!A:A,"TC-*") + COUNTIF('Xem danh sách chuyến tàu'!A:A,"TC-*") + COUNTIF('Xem chi tiết chuyến tàu'!A:A,"TC-*") + COUNTIF('Đặt vé'!A:A,"TC-*") + COUNTIF('Xem lịch sử đặt vé'!A:A,"TC-*") + COUNTIF('Hủy vé'!A:A,"TC-*") + COUNTIF('Bảo trì chủ đề bài viết'!A:A,"TC-*") + COUNTIF('Bảo trì bài viết'!A:A,"TC-*"),"000") -> TC-192 | D41: Kiểm tra thêm mới vé tàu thành công với các dữ liệu nhập hợp lệ | E41: Admin đang ở trang Thêm mới vé tàu | F41: 1. Nhập thông tin: - Nhập giá trị hợp lệ cho các trường thông tin còn lại 2. Click button Save | G41: Tên Vé Tàu: Vé tàu đi Hà Nội!!! Nội Dung Mô Tả: Vé tàu đi Hà Nội - Chuyến đi hạnh phúc!!! Từ Ga: Da Nang (DAD) Đến Ga: Ha Noi (HAN) Mã Tàu: HN04 Loại Ghế: Thường (Có Điều Hòa) Số Lượng Ghế: 50 Ngày Đi: 04/21/2026 Thời Gian Đi:12:30 AM Thời Gian Đến: 10:35 PM Giá Vé: 1000 Hiển Thị | H41: 2. Hệ thống thêm chuyến tàu mới thành công và được lưu trong bảng dữ liệu | I41: Pass | J41: Trần Thị Phương Thảo | K41: P1 | L41: Ready
A42: ="TC-" & TEXT( ROW()-ROW($A$7)+1 + COUNTIF('Đăng ký'!A:A,"TC-*") + COUNTIF('Đăng nhập'!A:A,"TC-*") + COUNTIF('Tìm kiếm bài viết'!A:A,"TC-*") + COUNTIF('Xem chủ đề bài viết'!A:A,"TC-*") + COUNTIF('Xem chi tiết bài viết'!A:A,"TC-*") + COUNTIF('Tìm kiếm chuyến đi'!A:A,"TC-*") + COUNTIF('Xem danh sách chuyến tàu'!A:A,"TC-*") + COUNTIF('Xem chi tiết chuyến tàu'!A:A,"TC-*") + COUNTIF('Đặt vé'!A:A,"TC-*") + COUNTIF('Xem lịch sử đặt vé'!A:A,"TC-*") + COUNTIF('Hủy vé'!A:A,"TC-*") + COUNTIF('Bảo trì chủ đề bài viết'!A:A,"TC-*") + COUNTIF('Bảo trì bài viết'!A:A,"TC-*"),"000") -> TC-193 | C42: Icon chỉnh sửa | D42: Kiểm tra icon chỉnh sửa | E42: Đang ở màn hình quản lý vé tàu | F42: 1. Click icon Sửa | H42: 2. Hệ thống chuyển sang màn Update | I42: Pass | J42: Trần Thị Phương Thảo | K42: P2 | L42: Ready
A43: ="TC-" & TEXT( ROW()-ROW($A$7)+1 + COUNTIF('Đăng ký'!A:A,"TC-*") + COUNTIF('Đăng nhập'!A:A,"TC-*") + COUNTIF('Tìm kiếm bài viết'!A:A,"TC-*") + COUNTIF('Xem chủ đề bài viết'!A:A,"TC-*") + COUNTIF('Xem chi tiết bài viết'!A:A,"TC-*") + COUNTIF('Tìm kiếm chuyến đi'!A:A,"TC-*") + COUNTIF('Xem danh sách chuyến tàu'!A:A,"TC-*") + COUNTIF('Xem chi tiết chuyến tàu'!A:A,"TC-*") + COUNTIF('Đặt vé'!A:A,"TC-*") + COUNTIF('Xem lịch sử đặt vé'!A:A,"TC-*") + COUNTIF('Hủy vé'!A:A,"TC-*") + COUNTIF('Bảo trì chủ đề bài viết'!A:A,"TC-*") + COUNTIF('Bảo trì bài viết'!A:A,"TC-*"),"000") -> TC-194 | D43: Kiểm tra sửa chuyến tàu thành công | E43: Admin đang ở trang update | F43: 1. Click icon Sửa - nhập thông tin cần sửa 2. Click button Save | H43: 2. Hệ thống cập nhật thành công và cập nhập lại trong bảng dữ liệu | I43: Pass | J43: Trần Thị Phương Thảo | K43: P1 | L43: Ready
A44: ="TC-" & TEXT( ROW()-ROW($A$7)+1 + COUNTIF('Đăng ký'!A:A,"TC-*") + COUNTIF('Đăng nhập'!A:A,"TC-*") + COUNTIF('Tìm kiếm bài viết'!A:A,"TC-*") + COUNTIF('Xem chủ đề bài viết'!A:A,"TC-*") + COUNTIF('Xem chi tiết bài viết'!A:A,"TC-*") + COUNTIF('Tìm kiếm chuyến đi'!A:A,"TC-*") + COUNTIF('Xem danh sách chuyến tàu'!A:A,"TC-*") + COUNTIF('Xem chi tiết chuyến tàu'!A:A,"TC-*") + COUNTIF('Đặt vé'!A:A,"TC-*") + COUNTIF('Xem lịch sử đặt vé'!A:A,"TC-*") + COUNTIF('Hủy vé'!A:A,"TC-*") + COUNTIF('Bảo trì chủ đề bài viết'!A:A,"TC-*") + COUNTIF('Bảo trì bài viết'!A:A,"TC-*"),"000") -> TC-195 | D44: Kiểm tra không thay đổi dữ liệu | F44: 1. Kích button Save | H44: 2. Hệ thống không thay đổi dữ liệu và trở về màn quản lý vé tàu | I44: Pass | J44: Trần Thị Phương Thảo | K44: P3 | L44: Ready
A45: ="TC-" & TEXT( ROW()-ROW($A$7)+1 + COUNTIF('Đăng ký'!A:A,"TC-*") + COUNTIF('Đăng nhập'!A:A,"TC-*") + COUNTIF('Tìm kiếm bài viết'!A:A,"TC-*") + COUNTIF('Xem chủ đề bài viết'!A:A,"TC-*") + COUNTIF('Xem chi tiết bài viết'!A:A,"TC-*") + COUNTIF('Tìm kiếm chuyến đi'!A:A,"TC-*") + COUNTIF('Xem danh sách chuyến tàu'!A:A,"TC-*") + COUNTIF('Xem chi tiết chuyến tàu'!A:A,"TC-*") + COUNTIF('Đặt vé'!A:A,"TC-*") + COUNTIF('Xem lịch sử đặt vé'!A:A,"TC-*") + COUNTIF('Hủy vé'!A:A,"TC-*") + COUNTIF('Bảo trì chủ đề bài viết'!A:A,"TC-*") + COUNTIF('Bảo trì bài viết'!A:A,"TC-*"),"000") -> TC-196 | C45: Icon Xóa | D45: Kiểm tra icon xóa | E45: Đang ở màn hình quản lý bài viết | F45: 1. Kích icon xóa | H45: 1. Hệ thống xóa bài viết và cập nhập lại database | I45: Pass | J45: Trần Thị Phương Thảo | K45: P1 | L45: Ready
A46: ="TC-" & TEXT( ROW()-ROW($A$7)+1 + COUNTIF('Đăng ký'!A:A,"TC-*") + COUNTIF('Đăng nhập'!A:A,"TC-*") + COUNTIF('Tìm kiếm bài viết'!A:A,"TC-*") + COUNTIF('Xem chủ đề bài viết'!A:A,"TC-*") + COUNTIF('Xem chi tiết bài viết'!A:A,"TC-*") + COUNTIF('Tìm kiếm chuyến đi'!A:A,"TC-*") + COUNTIF('Xem danh sách chuyến tàu'!A:A,"TC-*") + COUNTIF('Xem chi tiết chuyến tàu'!A:A,"TC-*") + COUNTIF('Đặt vé'!A:A,"TC-*") + COUNTIF('Xem lịch sử đặt vé'!A:A,"TC-*") + COUNTIF('Hủy vé'!A:A,"TC-*") + COUNTIF('Bảo trì chủ đề bài viết'!A:A,"TC-*") + COUNTIF('Bảo trì bài viết'!A:A,"TC-*"),"000") -> TC-197 | C46: Button Cancel | D46: Kiểm tra button Cancel | F46: 1. Click button Cancel | H46: 2. Hệ thống trở về màn quản lý bài viết | I46: Pass | J46: Trần Thị Phương Thảo | K46: P1 | L46: Ready
A47: ="TC-" & TEXT( ROW()-ROW($A$7)+1 + COUNTIF('Đăng ký'!A:A,"TC-*") + COUNTIF('Đăng nhập'!A:A,"TC-*") + COUNTIF('Tìm kiếm bài viết'!A:A,"TC-*") + COUNTIF('Xem chủ đề bài viết'!A:A,"TC-*") + COUNTIF('Xem chi tiết bài viết'!A:A,"TC-*") + COUNTIF('Tìm kiếm chuyến đi'!A:A,"TC-*") + COUNTIF('Xem danh sách chuyến tàu'!A:A,"TC-*") + COUNTIF('Xem chi tiết chuyến tàu'!A:A,"TC-*") + COUNTIF('Đặt vé'!A:A,"TC-*") + COUNTIF('Xem lịch sử đặt vé'!A:A,"TC-*") + COUNTIF('Hủy vé'!A:A,"TC-*") + COUNTIF('Bảo trì chủ đề bài viết'!A:A,"TC-*") + COUNTIF('Bảo trì bài viết'!A:A,"TC-*"),"000") -> TC-198 | C47: Status | D47: Kiểm tra bật/tắt trạng thái | E47: Đang ở màn hình quản lý vé tàu | F47: 1. Click toggle status | H47: 2. Trạng thái thay đổi | I47: Pass | J47: Trần Thị Phương Thảo | K47: P1 | L47: Ready

Sheet Bảo trì ga tàu
A1: Module Code | B1: Bảo trì ga tàu
A2: Test requirement | B2: <Brief description about requirements which are tested in this sheet>
A3: Tester
A4: Pass | B4: Fail | C4: Untested | D4: N/A | E4: Number of Test cases
A5: =COUNTIF(I6:I997,"Pass") -> 16 | B5: =COUNTIF(I6:I997,"Fail") -> 0 | C5: =E5-D5-A5-B5 -> 1 | D5: =COUNTIF(H$6:I$998,"N/A") -> 0 | E5: =COUNTA(A6:A1001) -> 17
A6: Test Case ID | B6: Group Name | C6: Sub Group Name | D6: Test Case Description | E6: Precondition | F6: Test Case Procedure | G6: Test data | H6: Expected Output | I6: Result | J6: Tester | K6: Priority | L6: Status
A7: ="TC-" & TEXT( ROW()-ROW($A$7)+1 + COUNTIF('Đăng ký'!A:A,"TC-*") + COUNTIF('Đăng nhập'!A:A,"TC-*") + COUNTIF('Tìm kiếm bài viết'!A:A,"TC-*") + COUNTIF('Xem chủ đề bài viết'!A:A,"TC-*") + COUNTIF('Xem chi tiết bài viết'!A:A,"TC-*") + COUNTIF('Tìm kiếm chuyến đi'!A:A,"TC-*") + COUNTIF('Xem danh sách chuyến tàu'!A:A,"TC-*") + COUNTIF('Xem chi tiết chuyến tàu'!A:A,"TC-*") + COUNTIF('Đặt vé'!A:A,"TC-*") + COUNTIF('Xem lịch sử đặt vé'!A:A,"TC-*") + COUNTIF('Hủy vé'!A:A,"TC-*") + COUNTIF('Bảo trì chủ đề bài viết'!A:A,"TC-*") + COUNTIF('Bảo trì bài viết'!A:A,"TC-*") + COUNTIF('Bảo trì chuyến tàu'!A:A,"TC-*"),"000") -> TC-199 | B7: Access right | D7: Kiểm tra cách vào màn hình bảo trì ga tàu | E7: Đăng nhập bằng tài khoản admin | F7: 1.Tại màn hình trang chủ, chọn danh mục "Lịch trình" | H7: 1. Hiển thị màn hình Quản lý lịch trình | I7: Pass | J7: Trần Thị Phương Thảo | K7: P1 | L7: Ready | M7: Không hiển thị form xác nhận hủy vé
A8: ="TC-" & TEXT( ROW()-ROW($A$7)+1 + COUNTIF('Đăng ký'!A:A,"TC-*") + COUNTIF('Đăng nhập'!A:A,"TC-*") + COUNTIF('Tìm kiếm bài viết'!A:A,"TC-*") + COUNTIF('Xem chủ đề bài viết'!A:A,"TC-*") + COUNTIF('Xem chi tiết bài viết'!A:A,"TC-*") + COUNTIF('Tìm kiếm chuyến đi'!A:A,"TC-*") + COUNTIF('Xem danh sách chuyến tàu'!A:A,"TC-*") + COUNTIF('Xem chi tiết chuyến tàu'!A:A,"TC-*") + COUNTIF('Đặt vé'!A:A,"TC-*") + COUNTIF('Xem lịch sử đặt vé'!A:A,"TC-*") + COUNTIF('Hủy vé'!A:A,"TC-*") + COUNTIF('Bảo trì chủ đề bài viết'!A:A,"TC-*") + COUNTIF('Bảo trì bài viết'!A:A,"TC-*") + COUNTIF('Bảo trì chuyến tàu'!A:A,"TC-*"),"000") -> TC-200 | B8: UI | D8: Kiểm tra số lượng các item | F8: 1. Kiểm tra số lượng các item | H8: 1.So sánh giống với design | I8: Pass | J8: Trần Thị Phương Thảo | K8: P1 | L8: Ready
A9: ="TC-" & TEXT( ROW()-ROW($A$7)+1 + COUNTIF('Đăng ký'!A:A,"TC-*") + COUNTIF('Đăng nhập'!A:A,"TC-*") + COUNTIF('Tìm kiếm bài viết'!A:A,"TC-*") + COUNTIF('Xem chủ đề bài viết'!A:A,"TC-*") + COUNTIF('Xem chi tiết bài viết'!A:A,"TC-*") + COUNTIF('Tìm kiếm chuyến đi'!A:A,"TC-*") + COUNTIF('Xem danh sách chuyến tàu'!A:A,"TC-*") + COUNTIF('Xem chi tiết chuyến tàu'!A:A,"TC-*") + COUNTIF('Đặt vé'!A:A,"TC-*") + COUNTIF('Xem lịch sử đặt vé'!A:A,"TC-*") + COUNTIF('Hủy vé'!A:A,"TC-*") + COUNTIF('Bảo trì chủ đề bài viết'!A:A,"TC-*") + COUNTIF('Bảo trì bài viết'!A:A,"TC-*") + COUNTIF('Bảo trì chuyến tàu'!A:A,"TC-*"),"000") -> TC-201 | D9: Kiểm tra vị trí, font chữ, size chữ, màu sắc | F9: 1. Tại màn Quản lý các loại chủ đề kiểm tra trạng thái | H9: 1. Hiển thị đúng theo design | I9: Pass | J9: Trần Thị Phương Thảo | K9: P1 | L9: Ready
A10: ="TC-" & TEXT( ROW()-ROW($A$7)+1 + COUNTIF('Đăng ký'!A:A,"TC-*") + COUNTIF('Đăng nhập'!A:A,"TC-*") + COUNTIF('Tìm kiếm bài viết'!A:A,"TC-*") + COUNTIF('Xem chủ đề bài viết'!A:A,"TC-*") + COUNTIF('Xem chi tiết bài viết'!A:A,"TC-*") + COUNTIF('Tìm kiếm chuyến đi'!A:A,"TC-*") + COUNTIF('Xem danh sách chuyến tàu'!A:A,"TC-*") + COUNTIF('Xem chi tiết chuyến tàu'!A:A,"TC-*") + COUNTIF('Đặt vé'!A:A,"TC-*") + COUNTIF('Xem lịch sử đặt vé'!A:A,"TC-*") + COUNTIF('Hủy vé'!A:A,"TC-*") + COUNTIF('Bảo trì chủ đề bài viết'!A:A,"TC-*") + COUNTIF('Bảo trì bài viết'!A:A,"TC-*") + COUNTIF('Bảo trì chuyến tàu'!A:A,"TC-*"),"000") -> TC-202 | D10: Kiểm tra trạng thái mặc định của Button | F10: 1. Tại màn Quản lý các loại chủ đề kiểm tra trạng thái | H10: 1. Button ở trạng thái disnable | I10: Pass | J10: Trần Thị Phương Thảo | K10: P2 | L10: Ready
A11: ="TC-" & TEXT( ROW()-ROW($A$7)+1 + COUNTIF('Đăng ký'!A:A,"TC-*") + COUNTIF('Đăng nhập'!A:A,"TC-*") + COUNTIF('Tìm kiếm bài viết'!A:A,"TC-*") + COUNTIF('Xem chủ đề bài viết'!A:A,"TC-*") + COUNTIF('Xem chi tiết bài viết'!A:A,"TC-*") + COUNTIF('Tìm kiếm chuyến đi'!A:A,"TC-*") + COUNTIF('Xem danh sách chuyến tàu'!A:A,"TC-*") + COUNTIF('Xem chi tiết chuyến tàu'!A:A,"TC-*") + COUNTIF('Đặt vé'!A:A,"TC-*") + COUNTIF('Xem lịch sử đặt vé'!A:A,"TC-*") + COUNTIF('Hủy vé'!A:A,"TC-*") + COUNTIF('Bảo trì chủ đề bài viết'!A:A,"TC-*") + COUNTIF('Bảo trì bài viết'!A:A,"TC-*") + COUNTIF('Bảo trì chuyến tàu'!A:A,"TC-*"),"000") -> TC-203 | D11: Kiểm tra giá trị default của TextBox | F11: 1. Kiểm tra các giá trị default | H11: 1. Các text box đều hiển thị trắng | I11: Pass | J11: Trần Thị Phương Thảo | K11: P2 | L11: Ready
A12: ="TC-" & TEXT( ROW()-ROW($A$7)+1 + COUNTIF('Đăng ký'!A:A,"TC-*") + COUNTIF('Đăng nhập'!A:A,"TC-*") + COUNTIF('Tìm kiếm bài viết'!A:A,"TC-*") + COUNTIF('Xem chủ đề bài viết'!A:A,"TC-*") + COUNTIF('Xem chi tiết bài viết'!A:A,"TC-*") + COUNTIF('Tìm kiếm chuyến đi'!A:A,"TC-*") + COUNTIF('Xem danh sách chuyến tàu'!A:A,"TC-*") + COUNTIF('Xem chi tiết chuyến tàu'!A:A,"TC-*") + COUNTIF('Đặt vé'!A:A,"TC-*") + COUNTIF('Xem lịch sử đặt vé'!A:A,"TC-*") + COUNTIF('Hủy vé'!A:A,"TC-*") + COUNTIF('Bảo trì chủ đề bài viết'!A:A,"TC-*") + COUNTIF('Bảo trì bài viết'!A:A,"TC-*") + COUNTIF('Bảo trì chuyến tàu'!A:A,"TC-*"),"000") -> TC-204 | D12: Kiểm tra dropdown Country | E12: Admin đang ở trang Thêm ga | F12: 1. Click dropdown | H12: 1. Hiển thị danh sách Country | I12: Pass | J12: Trần Thị Phương Thảo | K12: P1 | L12: Ready
A13: ="TC-" & TEXT( ROW()-ROW($A$7)+1 + COUNTIF('Đăng ký'!A:A,"TC-*") + COUNTIF('Đăng nhập'!A:A,"TC-*") + COUNTIF('Tìm kiếm bài viết'!A:A,"TC-*") + COUNTIF('Xem chủ đề bài viết'!A:A,"TC-*") + COUNTIF('Xem chi tiết bài viết'!A:A,"TC-*") + COUNTIF('Tìm kiếm chuyến đi'!A:A,"TC-*") + COUNTIF('Xem danh sách chuyến tàu'!A:A,"TC-*") + COUNTIF('Xem chi tiết chuyến tàu'!A:A,"TC-*") + COUNTIF('Đặt vé'!A:A,"TC-*") + COUNTIF('Xem lịch sử đặt vé'!A:A,"TC-*") + COUNTIF('Hủy vé'!A:A,"TC-*") + COUNTIF('Bảo trì chủ đề bài viết'!A:A,"TC-*") + COUNTIF('Bảo trì bài viết'!A:A,"TC-*") + COUNTIF('Bảo trì chuyến tàu'!A:A,"TC-*"),"000") -> TC-205 | D13: Kiểm tra dropdown Status | F13: 1. Click dropdown | H13: 1. Hiển thị danh sách ga tàu | I13: Pass | J13: Trần Thị Phương Thảo | K13: P2 | L13: Ready
A14: ="TC-" & TEXT( ROW()-ROW($A$7)+1 + COUNTIF('Đăng ký'!A:A,"TC-*") + COUNTIF('Đăng nhập'!A:A,"TC-*") + COUNTIF('Tìm kiếm bài viết'!A:A,"TC-*") + COUNTIF('Xem chủ đề bài viết'!A:A,"TC-*") + COUNTIF('Xem chi tiết bài viết'!A:A,"TC-*") + COUNTIF('Tìm kiếm chuyến đi'!A:A,"TC-*") + COUNTIF('Xem danh sách chuyến tàu'!A:A,"TC-*") + COUNTIF('Xem chi tiết chuyến tàu'!A:A,"TC-*") + COUNTIF('Đặt vé'!A:A,"TC-*") + COUNTIF('Xem lịch sử đặt vé'!A:A,"TC-*") + COUNTIF('Hủy vé'!A:A,"TC-*") + COUNTIF('Bảo trì chủ đề bài viết'!A:A,"TC-*") + COUNTIF('Bảo trì bài viết'!A:A,"TC-*") + COUNTIF('Bảo trì chuyến tàu'!A:A,"TC-*"),"000") -> TC-206 | B14: Check Validation | C14: Tên ga | D14: Kiểm tra không nhập Tên ga | E14: Admin đang ở trang Thêm ga | F14: 1. Nhập thông tin: - Tên ga: Bỏ trống - Nhập giá trị hợp lệ cho các trường thông tin còn lại 2. Click button Lưu | H14: 2. Hệ thống hiển thị lỗi yêu cầu nhập Tên ga "Please fill out this field" | I14: Pass | J14: Trần Thị Phương Thảo | K14: P1 | L14: Ready
A15: ="TC-" & TEXT( ROW()-ROW($A$7)+1 + COUNTIF('Đăng ký'!A:A,"TC-*") + COUNTIF('Đăng nhập'!A:A,"TC-*") + COUNTIF('Tìm kiếm bài viết'!A:A,"TC-*") + COUNTIF('Xem chủ đề bài viết'!A:A,"TC-*") + COUNTIF('Xem chi tiết bài viết'!A:A,"TC-*") + COUNTIF('Tìm kiếm chuyến đi'!A:A,"TC-*") + COUNTIF('Xem danh sách chuyến tàu'!A:A,"TC-*") + COUNTIF('Xem chi tiết chuyến tàu'!A:A,"TC-*") + COUNTIF('Đặt vé'!A:A,"TC-*") + COUNTIF('Xem lịch sử đặt vé'!A:A,"TC-*") + COUNTIF('Hủy vé'!A:A,"TC-*") + COUNTIF('Bảo trì chủ đề bài viết'!A:A,"TC-*") + COUNTIF('Bảo trì bài viết'!A:A,"TC-*") + COUNTIF('Bảo trì chuyến tàu'!A:A,"TC-*"),"000") -> TC-207 | B15: Check business | C15: Thêm mới ga tàu | D15: Kiểm tra bỏ trống tất cả không nhập gì | E15: Admin đang ở trang Thêm ga | F15: 1. Nhập thông tin: - Bỏ trống tất cả các trường 2. Click button Lưu | H15: 2. Hệ thống hiển thị thông báo lỗi "Please fill out this field" | I15: Pass | J15: Trần Thị Phương Thảo | K15: P1 | L15: Ready
A16: ="TC-" & TEXT( ROW()-ROW($A$7)+1 + COUNTIF('Đăng ký'!A:A,"TC-*") + COUNTIF('Đăng nhập'!A:A,"TC-*") + COUNTIF('Tìm kiếm bài viết'!A:A,"TC-*") + COUNTIF('Xem chủ đề bài viết'!A:A,"TC-*") + COUNTIF('Xem chi tiết bài viết'!A:A,"TC-*") + COUNTIF('Tìm kiếm chuyến đi'!A:A,"TC-*") + COUNTIF('Xem danh sách chuyến tàu'!A:A,"TC-*") + COUNTIF('Xem chi tiết chuyến tàu'!A:A,"TC-*") + COUNTIF('Đặt vé'!A:A,"TC-*") + COUNTIF('Xem lịch sử đặt vé'!A:A,"TC-*") + COUNTIF('Hủy vé'!A:A,"TC-*") + COUNTIF('Bảo trì chủ đề bài viết'!A:A,"TC-*") + COUNTIF('Bảo trì bài viết'!A:A,"TC-*") + COUNTIF('Bảo trì chuyến tàu'!A:A,"TC-*"),"000") -> TC-208 | D16: Kiểm tra thêm mới ga tàu thành công với các dữ liệu nhập hợp lệ | F16: 1. Nhập thông tin: - Nhập giá trị hợp lệ cho các trường thông tin còn lại 2. Click button Save | H16: 2. Hệ thống thêm ga tàu mới thành công và được lưu trong bảng dữ liệu | I16: Pass | J16: Trần Thị Phương Thảo | K16: P1 | L16: Ready
A17: ="TC-" & TEXT( ROW()-ROW($A$7)+1 + COUNTIF('Đăng ký'!A:A,"TC-*") + COUNTIF('Đăng nhập'!A:A,"TC-*") + COUNTIF('Tìm kiếm bài viết'!A:A,"TC-*") + COUNTIF('Xem chủ đề bài viết'!A:A,"TC-*") + COUNTIF('Xem chi tiết bài viết'!A:A,"TC-*") + COUNTIF('Tìm kiếm chuyến đi'!A:A,"TC-*") + COUNTIF('Xem danh sách chuyến tàu'!A:A,"TC-*") + COUNTIF('Xem chi tiết chuyến tàu'!A:A,"TC-*") + COUNTIF('Đặt vé'!A:A,"TC-*") + COUNTIF('Xem lịch sử đặt vé'!A:A,"TC-*") + COUNTIF('Hủy vé'!A:A,"TC-*") + COUNTIF('Bảo trì chủ đề bài viết'!A:A,"TC-*") + COUNTIF('Bảo trì bài viết'!A:A,"TC-*") + COUNTIF('Bảo trì chuyến tàu'!A:A,"TC-*"),"000") -> TC-209 | C17: Icon chỉnh sửa | D17: Kiểm tra icon chỉnh sửa | E17: Đang ở màn hình quản lý lịch trình | F17: 1. Click icon Sửa | H17: 2. Hệ thống chuyển sang màn Update | I17: Pass | J17: Trần Thị Phương Thảo | K17: P2 | L17: Ready
A18: ="TC-" & TEXT( ROW()-ROW($A$7)+1 + COUNTIF('Đăng ký'!A:A,"TC-*") + COUNTIF('Đăng nhập'!A:A,"TC-*") + COUNTIF('Tìm kiếm bài viết'!A:A,"TC-*") + COUNTIF('Xem chủ đề bài viết'!A:A,"TC-*") + COUNTIF('Xem chi tiết bài viết'!A:A,"TC-*") + COUNTIF('Tìm kiếm chuyến đi'!A:A,"TC-*") + COUNTIF('Xem danh sách chuyến tàu'!A:A,"TC-*") + COUNTIF('Xem chi tiết chuyến tàu'!A:A,"TC-*") + COUNTIF('Đặt vé'!A:A,"TC-*") + COUNTIF('Xem lịch sử đặt vé'!A:A,"TC-*") + COUNTIF('Hủy vé'!A:A,"TC-*") + COUNTIF('Bảo trì chủ đề bài viết'!A:A,"TC-*") + COUNTIF('Bảo trì bài viết'!A:A,"TC-*") + COUNTIF('Bảo trì chuyến tàu'!A:A,"TC-*"),"000") -> TC-210 | D18: Kiểm tra sửa ga tàu thành công | E18: Admin đang ở trang update | F18: 1. Click icon Sửa - nhập thông tin cần sửa 2. Click button Save | H18: 2. Hệ thống cập nhật thành công và cập nhập lại trong bảng dữ liệu | I18: Pass | J18: Trần Thị Phương Thảo | K18: P1 | L18: Ready
A19: ="TC-" & TEXT( ROW()-ROW($A$7)+1 + COUNTIF('Đăng ký'!A:A,"TC-*") + COUNTIF('Đăng nhập'!A:A,"TC-*") + COUNTIF('Tìm kiếm bài viết'!A:A,"TC-*") + COUNTIF('Xem chủ đề bài viết'!A:A,"TC-*") + COUNTIF('Xem chi tiết bài viết'!A:A,"TC-*") + COUNTIF('Tìm kiếm chuyến đi'!A:A,"TC-*") + COUNTIF('Xem danh sách chuyến tàu'!A:A,"TC-*") + COUNTIF('Xem chi tiết chuyến tàu'!A:A,"TC-*") + COUNTIF('Đặt vé'!A:A,"TC-*") + COUNTIF('Xem lịch sử đặt vé'!A:A,"TC-*") + COUNTIF('Hủy vé'!A:A,"TC-*") + COUNTIF('Bảo trì chủ đề bài viết'!A:A,"TC-*") + COUNTIF('Bảo trì bài viết'!A:A,"TC-*") + COUNTIF('Bảo trì chuyến tàu'!A:A,"TC-*"),"000") -> TC-211 | D19: Kiểm tra không thay đổi dữ liệu | F19: 1. Kích button Save | H19: 2. Hệ thống không thay đổi dữ liệu và trở về màn quản lý lịch trình | I19: Pass | J19: Trần Thị Phương Thảo | K19: P3 | L19: Ready
A20: ="TC-" & TEXT( ROW()-ROW($A$7)+1 + COUNTIF('Đăng ký'!A:A,"TC-*") + COUNTIF('Đăng nhập'!A:A,"TC-*") + COUNTIF('Tìm kiếm bài viết'!A:A,"TC-*") + COUNTIF('Xem chủ đề bài viết'!A:A,"TC-*") + COUNTIF('Xem chi tiết bài viết'!A:A,"TC-*") + COUNTIF('Tìm kiếm chuyến đi'!A:A,"TC-*") + COUNTIF('Xem danh sách chuyến tàu'!A:A,"TC-*") + COUNTIF('Xem chi tiết chuyến tàu'!A:A,"TC-*") + COUNTIF('Đặt vé'!A:A,"TC-*") + COUNTIF('Xem lịch sử đặt vé'!A:A,"TC-*") + COUNTIF('Hủy vé'!A:A,"TC-*") + COUNTIF('Bảo trì chủ đề bài viết'!A:A,"TC-*") + COUNTIF('Bảo trì bài viết'!A:A,"TC-*") + COUNTIF('Bảo trì chuyến tàu'!A:A,"TC-*"),"000") -> TC-212 | C20: Icon Xóa | D20: Kiểm tra icon xóa | E20: Đang ở màn hình quản lý lịch trình | F20: 1. Kích icon xóa | H20: 1. Hệ thống xóa bài viết và cập nhập lại database | I20: Pass | J20: Trần Thị Phương Thảo | K20: P1 | L20: Ready
A21: ="TC-" & TEXT( ROW()-ROW($A$7)+1 + COUNTIF('Đăng ký'!A:A,"TC-*") + COUNTIF('Đăng nhập'!A:A,"TC-*") + COUNTIF('Tìm kiếm bài viết'!A:A,"TC-*") + COUNTIF('Xem chủ đề bài viết'!A:A,"TC-*") + COUNTIF('Xem chi tiết bài viết'!A:A,"TC-*") + COUNTIF('Tìm kiếm chuyến đi'!A:A,"TC-*") + COUNTIF('Xem danh sách chuyến tàu'!A:A,"TC-*") + COUNTIF('Xem chi tiết chuyến tàu'!A:A,"TC-*") + COUNTIF('Đặt vé'!A:A,"TC-*") + COUNTIF('Xem lịch sử đặt vé'!A:A,"TC-*") + COUNTIF('Hủy vé'!A:A,"TC-*") + COUNTIF('Bảo trì chủ đề bài viết'!A:A,"TC-*") + COUNTIF('Bảo trì bài viết'!A:A,"TC-*") + COUNTIF('Bảo trì chuyến tàu'!A:A,"TC-*"),"000") -> TC-213 | C21: Button Cancel | D21: Kiểm tra button Cancel | F21: 1. Click button Cancel | H21: 2. Hệ thống trở về màn quản lịch trình | I21: Pass | J21: Trần Thị Phương Thảo | K21: P1 | L21: Ready
A22: ="TC-" & TEXT( ROW()-ROW($A$7)+1 + COUNTIF('Đăng ký'!A:A,"TC-*") + COUNTIF('Đăng nhập'!A:A,"TC-*") + COUNTIF('Tìm kiếm bài viết'!A:A,"TC-*") + COUNTIF('Xem chủ đề bài viết'!A:A,"TC-*") + COUNTIF('Xem chi tiết bài viết'!A:A,"TC-*") + COUNTIF('Tìm kiếm chuyến đi'!A:A,"TC-*") + COUNTIF('Xem danh sách chuyến tàu'!A:A,"TC-*") + COUNTIF('Xem chi tiết chuyến tàu'!A:A,"TC-*") + COUNTIF('Đặt vé'!A:A,"TC-*") + COUNTIF('Xem lịch sử đặt vé'!A:A,"TC-*") + COUNTIF('Hủy vé'!A:A,"TC-*") + COUNTIF('Bảo trì chủ đề bài viết'!A:A,"TC-*") + COUNTIF('Bảo trì bài viết'!A:A,"TC-*") + COUNTIF('Bảo trì chuyến tàu'!A:A,"TC-*"),"000") -> TC-214 | C22: Status | D22: Kiểm tra bật/tắt trạng thái | E22: Đang ở màn hình quản lý lịch trình | F22: 1. Click toggle status | H22: 2. Trạng thái thay đổi | I22: Pass | J22: Trần Thị Phương Thảo | K22: P2 | L22: Ready

Sheet Quản lý vé đặt
A1: Module Code | B1: Quản lý vé đặt
A2: Test requirement | B2: <Brief description about requirements which are tested in this sheet>
A3: Tester
A4: Pass | B4: Fail | C4: Untested | D4: N/A | E4: Number of Test cases
A5: =COUNTIF(I6:I990,"Pass") -> 10 | B5: =COUNTIF(I6:I990,"Fail") -> 0 | C5: =E5-D5-A5-B5 -> 0 | D5: =COUNTIF(H$6:I$991,"N/A") -> 0 | E5: =COUNTA(A6:A994) -> 10
A6: Test Case ID | B6: Group Name | C6: Sub Group Name | D6: Test Case Description | E6: Precondition | F6: Test Case Procedure | G6: Test data | H6: Expected Output | I6: Result | J6: Tester | K6: Priority | L6: Status
A7: ="TC-" & TEXT( ROW()-ROW($A$7)+1 + COUNTIF('Đăng ký'!A:A,"TC-*") + COUNTIF('Đăng nhập'!A:A,"TC-*") + COUNTIF('Tìm kiếm bài viết'!A:A,"TC-*") + COUNTIF('Xem chủ đề bài viết'!A:A,"TC-*") + COUNTIF('Xem chi tiết bài viết'!A:A,"TC-*") + COUNTIF('Tìm kiếm chuyến đi'!A:A,"TC-*") + COUNTIF('Xem danh sách chuyến tàu'!A:A,"TC-*") + COUNTIF('Xem chi tiết chuyến tàu'!A:A,"TC-*") + COUNTIF('Đặt vé'!A:A,"TC-*") + COUNTIF('Xem lịch sử đặt vé'!A:A,"TC-*") + COUNTIF('Hủy vé'!A:A,"TC-*") + COUNTIF('Bảo trì chủ đề bài viết'!A:A,"TC-*") + COUNTIF('Bảo trì bài viết'!A:A,"TC-*") + COUNTIF('Bảo trì chuyến tàu'!A:A,"TC-*") + COUNTIF('Bảo trì ga tàu'!A:A,"TC-*"),"000") -> TC-215 | B7: Access right | D7: Kiểm tra cách vào màn hình quản lý vé đặt | E7: Đăng nhập bằng tài khoản admin | F7: 1.Tại màn hình trang chủ, chọn danh mục "Vé đặt" | H7: 1. Hiển thị màn hình Manage Ticketing Orders | I7: Pass | J7: Trần Thị Phương Thảo | K7: P1 | L7: Ready | M7: Không hiển thị form xác nhận hủy vé
A8: ="TC-" & TEXT( ROW()-ROW($A$7)+1 + COUNTIF('Đăng ký'!A:A,"TC-*") + COUNTIF('Đăng nhập'!A:A,"TC-*") + COUNTIF('Tìm kiếm bài viết'!A:A,"TC-*") + COUNTIF('Xem chủ đề bài viết'!A:A,"TC-*") + COUNTIF('Xem chi tiết bài viết'!A:A,"TC-*") + COUNTIF('Tìm kiếm chuyến đi'!A:A,"TC-*") + COUNTIF('Xem danh sách chuyến tàu'!A:A,"TC-*") + COUNTIF('Xem chi tiết chuyến tàu'!A:A,"TC-*") + COUNTIF('Đặt vé'!A:A,"TC-*") + COUNTIF('Xem lịch sử đặt vé'!A:A,"TC-*") + COUNTIF('Hủy vé'!A:A,"TC-*") + COUNTIF('Bảo trì chủ đề bài viết'!A:A,"TC-*") + COUNTIF('Bảo trì bài viết'!A:A,"TC-*") + COUNTIF('Bảo trì chuyến tàu'!A:A,"TC-*") + COUNTIF('Bảo trì ga tàu'!A:A,"TC-*"),"000") -> TC-216 | B8: UI | D8: Kiểm tra số lượng các item | F8: 1. Kiểm tra số lượng các item | H8: 1.So sánh giống với design | I8: Pass | J8: Trần Thị Phương Thảo | K8: P1 | L8: Ready
A9: ="TC-" & TEXT( ROW()-ROW($A$7)+1 + COUNTIF('Đăng ký'!A:A,"TC-*") + COUNTIF('Đăng nhập'!A:A,"TC-*") + COUNTIF('Tìm kiếm bài viết'!A:A,"TC-*") + COUNTIF('Xem chủ đề bài viết'!A:A,"TC-*") + COUNTIF('Xem chi tiết bài viết'!A:A,"TC-*") + COUNTIF('Tìm kiếm chuyến đi'!A:A,"TC-*") + COUNTIF('Xem danh sách chuyến tàu'!A:A,"TC-*") + COUNTIF('Xem chi tiết chuyến tàu'!A:A,"TC-*") + COUNTIF('Đặt vé'!A:A,"TC-*") + COUNTIF('Xem lịch sử đặt vé'!A:A,"TC-*") + COUNTIF('Hủy vé'!A:A,"TC-*") + COUNTIF('Bảo trì chủ đề bài viết'!A:A,"TC-*") + COUNTIF('Bảo trì bài viết'!A:A,"TC-*") + COUNTIF('Bảo trì chuyến tàu'!A:A,"TC-*") + COUNTIF('Bảo trì ga tàu'!A:A,"TC-*"),"000") -> TC-217 | D9: Kiểm tra vị trí, font chữ, size chữ, màu sắc | F9: 1. Tại màn Quản lý các loại chủ đề kiểm tra trạng thái | H9: 1. Hiển thị đúng theo design | I9: Pass | J9: Trần Thị Phương Thảo | K9: P1 | L9: Ready
A10: ="TC-" & TEXT( ROW()-ROW($A$7)+1 + COUNTIF('Đăng ký'!A:A,"TC-*") + COUNTIF('Đăng nhập'!A:A,"TC-*") + COUNTIF('Tìm kiếm bài viết'!A:A,"TC-*") + COUNTIF('Xem chủ đề bài viết'!A:A,"TC-*") + COUNTIF('Xem chi tiết bài viết'!A:A,"TC-*") + COUNTIF('Tìm kiếm chuyến đi'!A:A,"TC-*") + COUNTIF('Xem danh sách chuyến tàu'!A:A,"TC-*") + COUNTIF('Xem chi tiết chuyến tàu'!A:A,"TC-*") + COUNTIF('Đặt vé'!A:A,"TC-*") + COUNTIF('Xem lịch sử đặt vé'!A:A,"TC-*") + COUNTIF('Hủy vé'!A:A,"TC-*") + COUNTIF('Bảo trì chủ đề bài viết'!A:A,"TC-*") + COUNTIF('Bảo trì bài viết'!A:A,"TC-*") + COUNTIF('Bảo trì chuyến tàu'!A:A,"TC-*") + COUNTIF('Bảo trì ga tàu'!A:A,"TC-*"),"000") -> TC-218 | D10: Kiểm tra trạng thái mặc định của Button | F10: 1. Tại màn Quản lý các loại chủ đề kiểm tra trạng thái | H10: 1. Button ở trạng thái disnable | I10: Pass | J10: Trần Thị Phương Thảo | K10: P2 | L10: Ready
A11: ="TC-" & TEXT( ROW()-ROW($A$7)+1 + COUNTIF('Đăng ký'!A:A,"TC-*") + COUNTIF('Đăng nhập'!A:A,"TC-*") + COUNTIF('Tìm kiếm bài viết'!A:A,"TC-*") + COUNTIF('Xem chủ đề bài viết'!A:A,"TC-*") + COUNTIF('Xem chi tiết bài viết'!A:A,"TC-*") + COUNTIF('Tìm kiếm chuyến đi'!A:A,"TC-*") + COUNTIF('Xem danh sách chuyến tàu'!A:A,"TC-*") + COUNTIF('Xem chi tiết chuyến tàu'!A:A,"TC-*") + COUNTIF('Đặt vé'!A:A,"TC-*") + COUNTIF('Xem lịch sử đặt vé'!A:A,"TC-*") + COUNTIF('Hủy vé'!A:A,"TC-*") + COUNTIF('Bảo trì chủ đề bài viết'!A:A,"TC-*") + COUNTIF('Bảo trì bài viết'!A:A,"TC-*") + COUNTIF('Bảo trì chuyến tàu'!A:A,"TC-*") + COUNTIF('Bảo trì ga tàu'!A:A,"TC-*"),"000") -> TC-219 | D11: Kiểm tra giá trị default của TextBox | F11: 1. Kiểm tra các giá trị default | H11: 1. Các text box đều hiển thị trắng | I11: Pass | J11: Trần Thị Phương Thảo | K11: P2 | L11: Ready
A12: ="TC-" & TEXT( ROW()-ROW($A$7)+1 + COUNTIF('Đăng ký'!A:A,"TC-*") + COUNTIF('Đăng nhập'!A:A,"TC-*") + COUNTIF('Tìm kiếm bài viết'!A:A,"TC-*") + COUNTIF('Xem chủ đề bài viết'!A:A,"TC-*") + COUNTIF('Xem chi tiết bài viết'!A:A,"TC-*") + COUNTIF('Tìm kiếm chuyến đi'!A:A,"TC-*") + COUNTIF('Xem danh sách chuyến tàu'!A:A,"TC-*") + COUNTIF('Xem chi tiết chuyến tàu'!A:A,"TC-*") + COUNTIF('Đặt vé'!A:A,"TC-*") + COUNTIF('Xem lịch sử đặt vé'!A:A,"TC-*") + COUNTIF('Hủy vé'!A:A,"TC-*") + COUNTIF('Bảo trì chủ đề bài viết'!A:A,"TC-*") + COUNTIF('Bảo trì bài viết'!A:A,"TC-*") + COUNTIF('Bảo trì chuyến tàu'!A:A,"TC-*") + COUNTIF('Bảo trì ga tàu'!A:A,"TC-*"),"000") -> TC-220 | D12: Kiểm tra hiển thị danh sách vé | F12: 1. Truy cập “Vé Đặt” | H12: 1. Hiển thị danh sách vé đặt | I12: Pass | J12: Trần Thị Phương Thảo | K12: P1 | L12: Ready
A13: ="TC-" & TEXT( ROW()-ROW($A$7)+1 + COUNTIF('Đăng ký'!A:A,"TC-*") + COUNTIF('Đăng nhập'!A:A,"TC-*") + COUNTIF('Tìm kiếm bài viết'!A:A,"TC-*") + COUNTIF('Xem chủ đề bài viết'!A:A,"TC-*") + COUNTIF('Xem chi tiết bài viết'!A:A,"TC-*") + COUNTIF('Tìm kiếm chuyến đi'!A:A,"TC-*") + COUNTIF('Xem danh sách chuyến tàu'!A:A,"TC-*") + COUNTIF('Xem chi tiết chuyến tàu'!A:A,"TC-*") + COUNTIF('Đặt vé'!A:A,"TC-*") + COUNTIF('Xem lịch sử đặt vé'!A:A,"TC-*") + COUNTIF('Hủy vé'!A:A,"TC-*") + COUNTIF('Bảo trì chủ đề bài viết'!A:A,"TC-*") + COUNTIF('Bảo trì bài viết'!A:A,"TC-*") + COUNTIF('Bảo trì chuyến tàu'!A:A,"TC-*") + COUNTIF('Bảo trì ga tàu'!A:A,"TC-*"),"000") -> TC-221 | C13: Icon Xem chi tiết | D13: Kiểm tra icon Xem chi tiết | E13: Đang ở màn hình Manage Ticketing Orders | F13: 1. Click icon Xem chi tiết | H13: 2. Hệ thống hiển thị chi tiết vé đã đặt | I13: Pass | J13: Trần Thị Phương Thảo | K13: P2 | L13: Ready
A14: ="TC-" & TEXT( ROW()-ROW($A$7)+1 + COUNTIF('Đăng ký'!A:A,"TC-*") + COUNTIF('Đăng nhập'!A:A,"TC-*") + COUNTIF('Tìm kiếm bài viết'!A:A,"TC-*") + COUNTIF('Xem chủ đề bài viết'!A:A,"TC-*") + COUNTIF('Xem chi tiết bài viết'!A:A,"TC-*") + COUNTIF('Tìm kiếm chuyến đi'!A:A,"TC-*") + COUNTIF('Xem danh sách chuyến tàu'!A:A,"TC-*") + COUNTIF('Xem chi tiết chuyến tàu'!A:A,"TC-*") + COUNTIF('Đặt vé'!A:A,"TC-*") + COUNTIF('Xem lịch sử đặt vé'!A:A,"TC-*") + COUNTIF('Hủy vé'!A:A,"TC-*") + COUNTIF('Bảo trì chủ đề bài viết'!A:A,"TC-*") + COUNTIF('Bảo trì bài viết'!A:A,"TC-*") + COUNTIF('Bảo trì chuyến tàu'!A:A,"TC-*") + COUNTIF('Bảo trì ga tàu'!A:A,"TC-*"),"000") -> TC-222 | C14: Button Recycle Bin | D14: Kiểm tra Button Recycle Bin xóa vé đặt | F14: 1. Kích Button Recycle Bin | H14: 1. Hệ thống xóa vé đã đặt thành công và cập nhập lại database | I14: Pass | J14: Trần Thị Phương Thảo | K14: P1 | L14: Ready
A15: ="TC-" & TEXT( ROW()-ROW($A$7)+1 + COUNTIF('Đăng ký'!A:A,"TC-*") + COUNTIF('Đăng nhập'!A:A,"TC-*") + COUNTIF('Tìm kiếm bài viết'!A:A,"TC-*") + COUNTIF('Xem chủ đề bài viết'!A:A,"TC-*") + COUNTIF('Xem chi tiết bài viết'!A:A,"TC-*") + COUNTIF('Tìm kiếm chuyến đi'!A:A,"TC-*") + COUNTIF('Xem danh sách chuyến tàu'!A:A,"TC-*") + COUNTIF('Xem chi tiết chuyến tàu'!A:A,"TC-*") + COUNTIF('Đặt vé'!A:A,"TC-*") + COUNTIF('Xem lịch sử đặt vé'!A:A,"TC-*") + COUNTIF('Hủy vé'!A:A,"TC-*") + COUNTIF('Bảo trì chủ đề bài viết'!A:A,"TC-*") + COUNTIF('Bảo trì bài viết'!A:A,"TC-*") + COUNTIF('Bảo trì chuyến tàu'!A:A,"TC-*") + COUNTIF('Bảo trì ga tàu'!A:A,"TC-*"),"000") -> TC-223 | C15: Toggle Bật/Tắt | D15: Kiểm tra bật/tắt trạng thái | F15: 1. Click toggle status | H15: 2. Trạng thái thay đổi | I15: Pass | J15: Trần Thị Phương Thảo | K15: P2 | L15: Ready
I16: Pass

Sheet Quản lý tài khoản
A1: Module Code | B1: Quản lý tài khoản
A2: Test requirement | B2: <Brief description about requirements which are tested in this sheet>
A3: Tester
A4: Pass | B4: Fail | C4: Untested | D4: N/A | E4: Number of Test cases
A5: =COUNTIF(I6:I980,"Pass") -> 24 | B5: =COUNTIF(I6:I980,"Fail") -> 0 | C5: =E5-D5-A5-B5 -> 1 | D5: =COUNTIF(H$6:I$981,"N/A") -> 0 | E5: =COUNTA(A6:A984) -> 25
A6: Test Case ID | B6: Group Name | C6: Sub Group Name | D6: Test Case Description | E6: Precondition | F6: Test Case Procedure | G6: Test data | H6: Expected Output | I6: Result | J6: Tester | K6: Priority | L6: Status
A7: ="TC-" & TEXT( ROW()-ROW($A$7)+1 + COUNTIF('Đăng ký'!A:A,"TC-*") + COUNTIF('Đăng nhập'!A:A,"TC-*") + COUNTIF('Tìm kiếm bài viết'!A:A,"TC-*") + COUNTIF('Xem chủ đề bài viết'!A:A,"TC-*") + COUNTIF('Xem chi tiết bài viết'!A:A,"TC-*") + COUNTIF('Tìm kiếm chuyến đi'!A:A,"TC-*") + COUNTIF('Xem danh sách chuyến tàu'!A:A,"TC-*") + COUNTIF('Xem chi tiết chuyến tàu'!A:A,"TC-*") + COUNTIF('Đặt vé'!A:A,"TC-*") + COUNTIF('Xem lịch sử đặt vé'!A:A,"TC-*") + COUNTIF('Hủy vé'!A:A,"TC-*") + COUNTIF('Bảo trì chủ đề bài viết'!A:A,"TC-*") + COUNTIF('Bảo trì bài viết'!A:A,"TC-*") + COUNTIF('Bảo trì chuyến tàu'!A:A,"TC-*") + COUNTIF('Bảo trì ga tàu'!A:A,"TC-*") + COUNTIF('Quản lý vé đặt'!A:A,"TC-*"),"000") -> TC-224 | B7: Access right | D7: Kiểm tra cách vào màn hình quản lý tài khoản | E7: Đăng nhập bằng tài khoản admin | F7: 1.Tại màn hình trang chủ, chọn danh mục "Tài khoản" | H7: 1. Hiển thị màn hình All User | I7: Pass | J7: Trần Thị Phương Thảo | K7: P1 | L7: Ready | M7: Không hiển thị form xác nhận hủy vé
A8: ="TC-" & TEXT( ROW()-ROW($A$7)+1 + COUNTIF('Đăng ký'!A:A,"TC-*") + COUNTIF('Đăng nhập'!A:A,"TC-*") + COUNTIF('Tìm kiếm bài viết'!A:A,"TC-*") + COUNTIF('Xem chủ đề bài viết'!A:A,"TC-*") + COUNTIF('Xem chi tiết bài viết'!A:A,"TC-*") + COUNTIF('Tìm kiếm chuyến đi'!A:A,"TC-*") + COUNTIF('Xem danh sách chuyến tàu'!A:A,"TC-*") + COUNTIF('Xem chi tiết chuyến tàu'!A:A,"TC-*") + COUNTIF('Đặt vé'!A:A,"TC-*") + COUNTIF('Xem lịch sử đặt vé'!A:A,"TC-*") + COUNTIF('Hủy vé'!A:A,"TC-*") + COUNTIF('Bảo trì chủ đề bài viết'!A:A,"TC-*") + COUNTIF('Bảo trì bài viết'!A:A,"TC-*") + COUNTIF('Bảo trì chuyến tàu'!A:A,"TC-*") + COUNTIF('Bảo trì ga tàu'!A:A,"TC-*") + COUNTIF('Quản lý vé đặt'!A:A,"TC-*"),"000") -> TC-225 | B8: UI | D8: Kiểm tra số lượng các item | F8: 1. Kiểm tra số lượng các item | H8: 1.So sánh giống với design | I8: Pass | J8: Trần Thị Phương Thảo | K8: P1 | L8: Ready
A9: ="TC-" & TEXT( ROW()-ROW($A$7)+1 + COUNTIF('Đăng ký'!A:A,"TC-*") + COUNTIF('Đăng nhập'!A:A,"TC-*") + COUNTIF('Tìm kiếm bài viết'!A:A,"TC-*") + COUNTIF('Xem chủ đề bài viết'!A:A,"TC-*") + COUNTIF('Xem chi tiết bài viết'!A:A,"TC-*") + COUNTIF('Tìm kiếm chuyến đi'!A:A,"TC-*") + COUNTIF('Xem danh sách chuyến tàu'!A:A,"TC-*") + COUNTIF('Xem chi tiết chuyến tàu'!A:A,"TC-*") + COUNTIF('Đặt vé'!A:A,"TC-*") + COUNTIF('Xem lịch sử đặt vé'!A:A,"TC-*") + COUNTIF('Hủy vé'!A:A,"TC-*") + COUNTIF('Bảo trì chủ đề bài viết'!A:A,"TC-*") + COUNTIF('Bảo trì bài viết'!A:A,"TC-*") + COUNTIF('Bảo trì chuyến tàu'!A:A,"TC-*") + COUNTIF('Bảo trì ga tàu'!A:A,"TC-*") + COUNTIF('Quản lý vé đặt'!A:A,"TC-*"),"000") -> TC-226 | D9: Kiểm tra vị trí, font chữ, size chữ, màu sắc | F9: 1. Tại màn Quản lý các loại chủ đề kiểm tra trạng thái | H9: 1. Hiển thị đúng theo design | I9: Pass | J9: Trần Thị Phương Thảo | K9: P1 | L9: Ready
A10: ="TC-" & TEXT( ROW()-ROW($A$7)+1 + COUNTIF('Đăng ký'!A:A,"TC-*") + COUNTIF('Đăng nhập'!A:A,"TC-*") + COUNTIF('Tìm kiếm bài viết'!A:A,"TC-*") + COUNTIF('Xem chủ đề bài viết'!A:A,"TC-*") + COUNTIF('Xem chi tiết bài viết'!A:A,"TC-*") + COUNTIF('Tìm kiếm chuyến đi'!A:A,"TC-*") + COUNTIF('Xem danh sách chuyến tàu'!A:A,"TC-*") + COUNTIF('Xem chi tiết chuyến tàu'!A:A,"TC-*") + COUNTIF('Đặt vé'!A:A,"TC-*") + COUNTIF('Xem lịch sử đặt vé'!A:A,"TC-*") + COUNTIF('Hủy vé'!A:A,"TC-*") + COUNTIF('Bảo trì chủ đề bài viết'!A:A,"TC-*") + COUNTIF('Bảo trì bài viết'!A:A,"TC-*") + COUNTIF('Bảo trì chuyến tàu'!A:A,"TC-*") + COUNTIF('Bảo trì ga tàu'!A:A,"TC-*") + COUNTIF('Quản lý vé đặt'!A:A,"TC-*"),"000") -> TC-227 | D10: Kiểm tra trạng thái mặc định của Button | F10: 1. Tại màn Quản lý các loại chủ đề kiểm tra trạng thái | H10: 1. Button ở trạng thái disnable | I10: Pass | J10: Trần Thị Phương Thảo | K10: P2 | L10: Ready
A11: ="TC-" & TEXT( ROW()-ROW($A$7)+1 + COUNTIF('Đăng ký'!A:A,"TC-*") + COUNTIF('Đăng nhập'!A:A,"TC-*") + COUNTIF('Tìm kiếm bài viết'!A:A,"TC-*") + COUNTIF('Xem chủ đề bài viết'!A:A,"TC-*") + COUNTIF('Xem chi tiết bài viết'!A:A,"TC-*") + COUNTIF('Tìm kiếm chuyến đi'!A:A,"TC-*") + COUNTIF('Xem danh sách chuyến tàu'!A:A,"TC-*") + COUNTIF('Xem chi tiết chuyến tàu'!A:A,"TC-*") + COUNTIF('Đặt vé'!A:A,"TC-*") + COUNTIF('Xem lịch sử đặt vé'!A:A,"TC-*") + COUNTIF('Hủy vé'!A:A,"TC-*") + COUNTIF('Bảo trì chủ đề bài viết'!A:A,"TC-*") + COUNTIF('Bảo trì bài viết'!A:A,"TC-*") + COUNTIF('Bảo trì chuyến tàu'!A:A,"TC-*") + COUNTIF('Bảo trì ga tàu'!A:A,"TC-*") + COUNTIF('Quản lý vé đặt'!A:A,"TC-*"),"000") -> TC-228 | D11: Kiểm tra giá trị default của TextBox | F11: 1. Kiểm tra các giá trị default | H11: 1. Các text box đều hiển thị trắng | I11: Pass | J11: Trần Thị Phương Thảo | K11: P2 | L11: Ready
A12: ="TC-" & TEXT( ROW()-ROW($A$7)+1 + COUNTIF('Đăng ký'!A:A,"TC-*") + COUNTIF('Đăng nhập'!A:A,"TC-*") + COUNTIF('Tìm kiếm bài viết'!A:A,"TC-*") + COUNTIF('Xem chủ đề bài viết'!A:A,"TC-*") + COUNTIF('Xem chi tiết bài viết'!A:A,"TC-*") + COUNTIF('Tìm kiếm chuyến đi'!A:A,"TC-*") + COUNTIF('Xem danh sách chuyến tàu'!A:A,"TC-*") + COUNTIF('Xem chi tiết chuyến tàu'!A:A,"TC-*") + COUNTIF('Đặt vé'!A:A,"TC-*") + COUNTIF('Xem lịch sử đặt vé'!A:A,"TC-*") + COUNTIF('Hủy vé'!A:A,"TC-*") + COUNTIF('Bảo trì chủ đề bài viết'!A:A,"TC-*") + COUNTIF('Bảo trì bài viết'!A:A,"TC-*") + COUNTIF('Bảo trì chuyến tàu'!A:A,"TC-*") + COUNTIF('Bảo trì ga tàu'!A:A,"TC-*") + COUNTIF('Quản lý vé đặt'!A:A,"TC-*"),"000") -> TC-229 | D12: Kiểm tra dropdown Gender | E12: Admin đang ở màn Add User | F12: 1. Click dropdown | H12: 1. Hiển thị danh sách giới tính | I12: Pass | J12: Trần Thị Phương Thảo | K12: P2 | L12: Ready
A13: ="TC-" & TEXT( ROW()-ROW($A$7)+1 + COUNTIF('Đăng ký'!A:A,"TC-*") + COUNTIF('Đăng nhập'!A:A,"TC-*") + COUNTIF('Tìm kiếm bài viết'!A:A,"TC-*") + COUNTIF('Xem chủ đề bài viết'!A:A,"TC-*") + COUNTIF('Xem chi tiết bài viết'!A:A,"TC-*") + COUNTIF('Tìm kiếm chuyến đi'!A:A,"TC-*") + COUNTIF('Xem danh sách chuyến tàu'!A:A,"TC-*") + COUNTIF('Xem chi tiết chuyến tàu'!A:A,"TC-*") + COUNTIF('Đặt vé'!A:A,"TC-*") + COUNTIF('Xem lịch sử đặt vé'!A:A,"TC-*") + COUNTIF('Hủy vé'!A:A,"TC-*") + COUNTIF('Bảo trì chủ đề bài viết'!A:A,"TC-*") + COUNTIF('Bảo trì bài viết'!A:A,"TC-*") + COUNTIF('Bảo trì chuyến tàu'!A:A,"TC-*") + COUNTIF('Bảo trì ga tàu'!A:A,"TC-*") + COUNTIF('Quản lý vé đặt'!A:A,"TC-*"),"000") -> TC-230 | D13: Kiểm tra dropdown Status | F13: 1. Click dropdown | H13: 1. Hiển thị danh sách chọn active | I13: Pass
A14: ="TC-" & TEXT( ROW()-ROW($A$7)+1 + COUNTIF('Đăng ký'!A:A,"TC-*") + COUNTIF('Đăng nhập'!A:A,"TC-*") + COUNTIF('Tìm kiếm bài viết'!A:A,"TC-*") + COUNTIF('Xem chủ đề bài viết'!A:A,"TC-*") + COUNTIF('Xem chi tiết bài viết'!A:A,"TC-*") + COUNTIF('Tìm kiếm chuyến đi'!A:A,"TC-*") + COUNTIF('Xem danh sách chuyến tàu'!A:A,"TC-*") + COUNTIF('Xem chi tiết chuyến tàu'!A:A,"TC-*") + COUNTIF('Đặt vé'!A:A,"TC-*") + COUNTIF('Xem lịch sử đặt vé'!A:A,"TC-*") + COUNTIF('Hủy vé'!A:A,"TC-*") + COUNTIF('Bảo trì chủ đề bài viết'!A:A,"TC-*") + COUNTIF('Bảo trì bài viết'!A:A,"TC-*") + COUNTIF('Bảo trì chuyến tàu'!A:A,"TC-*") + COUNTIF('Bảo trì ga tàu'!A:A,"TC-*") + COUNTIF('Quản lý vé đặt'!A:A,"TC-*"),"000") -> TC-231 | D14: Kiểm tra dropdown Decentralization | F14: 1. Click dropdown | H14: 1. Hiển thị danh sách loại tài khoản | I14: Pass | J14: Trần Thị Phương Thảo | K14: P2 | L14: Ready
A15: ="TC-" & TEXT( ROW()-ROW($A$7)+1 + COUNTIF('Đăng ký'!A:A,"TC-*") + COUNTIF('Đăng nhập'!A:A,"TC-*") + COUNTIF('Tìm kiếm bài viết'!A:A,"TC-*") + COUNTIF('Xem chủ đề bài viết'!A:A,"TC-*") + COUNTIF('Xem chi tiết bài viết'!A:A,"TC-*") + COUNTIF('Tìm kiếm chuyến đi'!A:A,"TC-*") + COUNTIF('Xem danh sách chuyến tàu'!A:A,"TC-*") + COUNTIF('Xem chi tiết chuyến tàu'!A:A,"TC-*") + COUNTIF('Đặt vé'!A:A,"TC-*") + COUNTIF('Xem lịch sử đặt vé'!A:A,"TC-*") + COUNTIF('Hủy vé'!A:A,"TC-*") + COUNTIF('Bảo trì chủ đề bài viết'!A:A,"TC-*") + COUNTIF('Bảo trì bài viết'!A:A,"TC-*") + COUNTIF('Bảo trì chuyến tàu'!A:A,"TC-*") + COUNTIF('Bảo trì ga tàu'!A:A,"TC-*") + COUNTIF('Quản lý vé đặt'!A:A,"TC-*"),"000") -> TC-232 | B15: Check Validation | C15: Passenger | D15: Kiểm tra không nhập Full name | E15: Admin đang ở màn Add User | F15: 1. Nhập thông tin: - Passenger: Bỏ trống - Nhập giá trị hợp lệ cho các trường thông tin còn lại 2. Click button Save | H15: 2. Hệ thống hiển thị lỗi yêu cầu nhập full name "Please fill out this field" | I15: Pass | J15: Trần Thị Phương Thảo | K15: P1 | L15: Ready
A16: ="TC-" & TEXT( ROW()-ROW($A$7)+1 + COUNTIF('Đăng ký'!A:A,"TC-*") + COUNTIF('Đăng nhập'!A:A,"TC-*") + COUNTIF('Tìm kiếm bài viết'!A:A,"TC-*") + COUNTIF('Xem chủ đề bài viết'!A:A,"TC-*") + COUNTIF('Xem chi tiết bài viết'!A:A,"TC-*") + COUNTIF('Tìm kiếm chuyến đi'!A:A,"TC-*") + COUNTIF('Xem danh sách chuyến tàu'!A:A,"TC-*") + COUNTIF('Xem chi tiết chuyến tàu'!A:A,"TC-*") + COUNTIF('Đặt vé'!A:A,"TC-*") + COUNTIF('Xem lịch sử đặt vé'!A:A,"TC-*") + COUNTIF('Hủy vé'!A:A,"TC-*") + COUNTIF('Bảo trì chủ đề bài viết'!A:A,"TC-*") + COUNTIF('Bảo trì bài viết'!A:A,"TC-*") + COUNTIF('Bảo trì chuyến tàu'!A:A,"TC-*") + COUNTIF('Bảo trì ga tàu'!A:A,"TC-*") + COUNTIF('Quản lý vé đặt'!A:A,"TC-*"),"000") -> TC-233 | C16: Account | D16: Kiểm tra không nhập tên | F16: 1. Nhập thông tin: - Account: Bỏ trống - Nhập giá trị hợp lệ cho các trường thông tin còn lại 2. Click button Save | H16: 2. Hệ thống hiển thị lỗi yêu cầu nhập tên "Please fill out this field" | I16: Pass | J16: Trần Thị Phương Thảo | K16: P1 | L16: Ready
A17: ="TC-" & TEXT( ROW()-ROW($A$7)+1 + COUNTIF('Đăng ký'!A:A,"TC-*") + COUNTIF('Đăng nhập'!A:A,"TC-*") + COUNTIF('Tìm kiếm bài viết'!A:A,"TC-*") + COUNTIF('Xem chủ đề bài viết'!A:A,"TC-*") + COUNTIF('Xem chi tiết bài viết'!A:A,"TC-*") + COUNTIF('Tìm kiếm chuyến đi'!A:A,"TC-*") + COUNTIF('Xem danh sách chuyến tàu'!A:A,"TC-*") + COUNTIF('Xem chi tiết chuyến tàu'!A:A,"TC-*") + COUNTIF('Đặt vé'!A:A,"TC-*") + COUNTIF('Xem lịch sử đặt vé'!A:A,"TC-*") + COUNTIF('Hủy vé'!A:A,"TC-*") + COUNTIF('Bảo trì chủ đề bài viết'!A:A,"TC-*") + COUNTIF('Bảo trì bài viết'!A:A,"TC-*") + COUNTIF('Bảo trì chuyến tàu'!A:A,"TC-*") + COUNTIF('Bảo trì ga tàu'!A:A,"TC-*") + COUNTIF('Quản lý vé đặt'!A:A,"TC-*"),"000") -> TC-234 | C17: Email | D17: Không nhập email | F17: 1. Nhập thông tin: - Email: bỏ trống - Nhập giá trị hợp lệ cho các trường thông tin còn lại 2. Click button Save | H17: 2. Hệ thống hiển thị thông báo lỗi: "Please fill out this field" | I17: Pass | J17: Trần Thị Phương Thảo | K17: P1 | L17: Ready
A18: ="TC-" & TEXT( ROW()-ROW($A$7)+1 + COUNTIF('Đăng ký'!A:A,"TC-*") + COUNTIF('Đăng nhập'!A:A,"TC-*") + COUNTIF('Tìm kiếm bài viết'!A:A,"TC-*") + COUNTIF('Xem chủ đề bài viết'!A:A,"TC-*") + COUNTIF('Xem chi tiết bài viết'!A:A,"TC-*") + COUNTIF('Tìm kiếm chuyến đi'!A:A,"TC-*") + COUNTIF('Xem danh sách chuyến tàu'!A:A,"TC-*") + COUNTIF('Xem chi tiết chuyến tàu'!A:A,"TC-*") + COUNTIF('Đặt vé'!A:A,"TC-*") + COUNTIF('Xem lịch sử đặt vé'!A:A,"TC-*") + COUNTIF('Hủy vé'!A:A,"TC-*") + COUNTIF('Bảo trì chủ đề bài viết'!A:A,"TC-*") + COUNTIF('Bảo trì bài viết'!A:A,"TC-*") + COUNTIF('Bảo trì chuyến tàu'!A:A,"TC-*") + COUNTIF('Bảo trì ga tàu'!A:A,"TC-*") + COUNTIF('Quản lý vé đặt'!A:A,"TC-*"),"000") -> TC-235 | D18: Kiểm tra nhập email sai định dạng | F18: 1. Nhập thông tin: - Email: thaogmail.com - Nhập giá trị hợp lệ cho các trường thông tin còn lại 2. Click button Save | G18: Email: thaogmail.com | H18: 2. Hệ thống hiển thị thông báo lỗi | I18: Pass | J18: Trần Thị Phương Thảo | K18: P1 | L18: Ready
A19: ="TC-" & TEXT( ROW()-ROW($A$7)+1 + COUNTIF('Đăng ký'!A:A,"TC-*") + COUNTIF('Đăng nhập'!A:A,"TC-*") + COUNTIF('Tìm kiếm bài viết'!A:A,"TC-*") + COUNTIF('Xem chủ đề bài viết'!A:A,"TC-*") + COUNTIF('Xem chi tiết bài viết'!A:A,"TC-*") + COUNTIF('Tìm kiếm chuyến đi'!A:A,"TC-*") + COUNTIF('Xem danh sách chuyến tàu'!A:A,"TC-*") + COUNTIF('Xem chi tiết chuyến tàu'!A:A,"TC-*") + COUNTIF('Đặt vé'!A:A,"TC-*") + COUNTIF('Xem lịch sử đặt vé'!A:A,"TC-*") + COUNTIF('Hủy vé'!A:A,"TC-*") + COUNTIF('Bảo trì chủ đề bài viết'!A:A,"TC-*") + COUNTIF('Bảo trì bài viết'!A:A,"TC-*") + COUNTIF('Bảo trì chuyến tàu'!A:A,"TC-*") + COUNTIF('Bảo trì ga tàu'!A:A,"TC-*") + COUNTIF('Quản lý vé đặt'!A:A,"TC-*"),"000") -> TC-236 | C19: Phone | D19: Kiểm tra không nhập số điện thoại | F19: 1. Nhập thông tin: - Phone: bỏ trống - Nhập giá trị hợp lệ cho các trường thông tin còn lại 2. Click button Save | H19: 2. Hệ thống hiển thị thông báo lỗi | I19: Pass
A20: ="TC-" & TEXT( ROW()-ROW($A$7)+1 + COUNTIF('Đăng ký'!A:A,"TC-*") + COUNTIF('Đăng nhập'!A:A,"TC-*") + COUNTIF('Tìm kiếm bài viết'!A:A,"TC-*") + COUNTIF('Xem chủ đề bài viết'!A:A,"TC-*") + COUNTIF('Xem chi tiết bài viết'!A:A,"TC-*") + COUNTIF('Tìm kiếm chuyến đi'!A:A,"TC-*") + COUNTIF('Xem danh sách chuyến tàu'!A:A,"TC-*") + COUNTIF('Xem chi tiết chuyến tàu'!A:A,"TC-*") + COUNTIF('Đặt vé'!A:A,"TC-*") + COUNTIF('Xem lịch sử đặt vé'!A:A,"TC-*") + COUNTIF('Hủy vé'!A:A,"TC-*") + COUNTIF('Bảo trì chủ đề bài viết'!A:A,"TC-*") + COUNTIF('Bảo trì bài viết'!A:A,"TC-*") + COUNTIF('Bảo trì chuyến tàu'!A:A,"TC-*") + COUNTIF('Bảo trì ga tàu'!A:A,"TC-*") + COUNTIF('Quản lý vé đặt'!A:A,"TC-*"),"000") -> TC-237 | C20: Password | D20: Kiểm tra nhập khẩu không khớp | F20: 1. Nhập thông tin: - Nhập Password: thao123 - Nhập Re-Enter Password: thao456 - Nhập giá trị hợp lệ cho các trường thông tin còn lại 2. Click button Save | G20: - Password: thao123 - Re-Enter Password: thao456 | H20: 2. Hệ thống hiển thị thông báo lỗi: “Mật khẩu không khớp” | I20: Pass | J20: Trần Thị Phương Thảo | K20: P1 | L20: Ready
A21: ="TC-" & TEXT( ROW()-ROW($A$7)+1 + COUNTIF('Đăng ký'!A:A,"TC-*") + COUNTIF('Đăng nhập'!A:A,"TC-*") + COUNTIF('Tìm kiếm bài viết'!A:A,"TC-*") + COUNTIF('Xem chủ đề bài viết'!A:A,"TC-*") + COUNTIF('Xem chi tiết bài viết'!A:A,"TC-*") + COUNTIF('Tìm kiếm chuyến đi'!A:A,"TC-*") + COUNTIF('Xem danh sách chuyến tàu'!A:A,"TC-*") + COUNTIF('Xem chi tiết chuyến tàu'!A:A,"TC-*") + COUNTIF('Đặt vé'!A:A,"TC-*") + COUNTIF('Xem lịch sử đặt vé'!A:A,"TC-*") + COUNTIF('Hủy vé'!A:A,"TC-*") + COUNTIF('Bảo trì chủ đề bài viết'!A:A,"TC-*") + COUNTIF('Bảo trì bài viết'!A:A,"TC-*") + COUNTIF('Bảo trì chuyến tàu'!A:A,"TC-*") + COUNTIF('Bảo trì ga tàu'!A:A,"TC-*") + COUNTIF('Quản lý vé đặt'!A:A,"TC-*"),"000") -> TC-238 | D21: Kiểm tra không nhập mật khẩu | F21: 1. Nhập thông tin: - Password: bỏ trống - Nhập giá trị hợp lệ cho các trường thông tin còn lại 2. Click button Save | H21: 2. Hệ thống hiển thị thông báo lỗi: "Yêu cầu nhập password" | I21: Pass | J21: Trần Thị Phương Thảo | K21: P1 | L21: Ready
A22: ="TC-" & TEXT( ROW()-ROW($A$7)+1 + COUNTIF('Đăng ký'!A:A,"TC-*") + COUNTIF('Đăng nhập'!A:A,"TC-*") + COUNTIF('Tìm kiếm bài viết'!A:A,"TC-*") + COUNTIF('Xem chủ đề bài viết'!A:A,"TC-*") + COUNTIF('Xem chi tiết bài viết'!A:A,"TC-*") + COUNTIF('Tìm kiếm chuyến đi'!A:A,"TC-*") + COUNTIF('Xem danh sách chuyến tàu'!A:A,"TC-*") + COUNTIF('Xem chi tiết chuyến tàu'!A:A,"TC-*") + COUNTIF('Đặt vé'!A:A,"TC-*") + COUNTIF('Xem lịch sử đặt vé'!A:A,"TC-*") + COUNTIF('Hủy vé'!A:A,"TC-*") + COUNTIF('Bảo trì chủ đề bài viết'!A:A,"TC-*") + COUNTIF('Bảo trì bài viết'!A:A,"TC-*") + COUNTIF('Bảo trì chuyến tàu'!A:A,"TC-*") + COUNTIF('Bảo trì ga tàu'!A:A,"TC-*") + COUNTIF('Quản lý vé đặt'!A:A,"TC-*"),"000") -> TC-239 | C22: Enter the password | D22: Kiểm tra không nhập nhắc lại mật khẩu | F22: 1. Nhập thông tin: - Nhập Re-Enter Password: bỏ trống - Nhập giá trị hợp lệ cho các trường thông tin còn lại 2. Click button Save | H22: 2. Hệ thống hiển thị thông báo lỗi: "Please fill out this field" | I22: Pass | J22: Trần Thị Phương Thảo | K22: P1 | L22: Ready
A23: ="TC-" & TEXT( ROW()-ROW($A$7)+1 + COUNTIF('Đăng ký'!A:A,"TC-*") + COUNTIF('Đăng nhập'!A:A,"TC-*") + COUNTIF('Tìm kiếm bài viết'!A:A,"TC-*") + COUNTIF('Xem chủ đề bài viết'!A:A,"TC-*") + COUNTIF('Xem chi tiết bài viết'!A:A,"TC-*") + COUNTIF('Tìm kiếm chuyến đi'!A:A,"TC-*") + COUNTIF('Xem danh sách chuyến tàu'!A:A,"TC-*") + COUNTIF('Xem chi tiết chuyến tàu'!A:A,"TC-*") + COUNTIF('Đặt vé'!A:A,"TC-*") + COUNTIF('Xem lịch sử đặt vé'!A:A,"TC-*") + COUNTIF('Hủy vé'!A:A,"TC-*") + COUNTIF('Bảo trì chủ đề bài viết'!A:A,"TC-*") + COUNTIF('Bảo trì bài viết'!A:A,"TC-*") + COUNTIF('Bảo trì chuyến tàu'!A:A,"TC-*") + COUNTIF('Bảo trì ga tàu'!A:A,"TC-*") + COUNTIF('Quản lý vé đặt'!A:A,"TC-*"),"000") -> TC-240 | B23: Check business | C23: Button Add user | D23: Kiểm tra bỏ trống tất cả không nhập gì | E23: Admin đang ở màn Add User | F23: 1. Nhập thông tin: - Bỏ trống tất cả các trường 2. Click button Save | H23: 2. Hệ thống hiển thị thông báo lỗi "Please fill out this field" | I23: Pass | J23: Trần Thị Phương Thảo | K23: P1 | L23: Ready
A24: ="TC-" & TEXT( ROW()-ROW($A$7)+1 + COUNTIF('Đăng ký'!A:A,"TC-*") + COUNTIF('Đăng nhập'!A:A,"TC-*") + COUNTIF('Tìm kiếm bài viết'!A:A,"TC-*") + COUNTIF('Xem chủ đề bài viết'!A:A,"TC-*") + COUNTIF('Xem chi tiết bài viết'!A:A,"TC-*") + COUNTIF('Tìm kiếm chuyến đi'!A:A,"TC-*") + COUNTIF('Xem danh sách chuyến tàu'!A:A,"TC-*") + COUNTIF('Xem chi tiết chuyến tàu'!A:A,"TC-*") + COUNTIF('Đặt vé'!A:A,"TC-*") + COUNTIF('Xem lịch sử đặt vé'!A:A,"TC-*") + COUNTIF('Hủy vé'!A:A,"TC-*") + COUNTIF('Bảo trì chủ đề bài viết'!A:A,"TC-*") + COUNTIF('Bảo trì bài viết'!A:A,"TC-*") + COUNTIF('Bảo trì chuyến tàu'!A:A,"TC-*") + COUNTIF('Bảo trì ga tàu'!A:A,"TC-*") + COUNTIF('Quản lý vé đặt'!A:A,"TC-*"),"000") -> TC-241 | D24: Kiểm tra thêm mới tài khoản thành công với các dữ liệu nhập hợp lệ | E24: Admin đang ở trang Thêm mới vé tàu | F24: 1. Nhập thông tin: - Nhập giá trị hợp lệ cho các trường thông tin còn lại 2. Click button Save | G24: Passenger: Trần Thị Phương Thảo Account: thaoo Email: phuongthao270204@gmail.com Phone: 0946680756 Password: 123456 Enter the password: 123456 Gender: Male Status: Active Decentralization: admin | H24: 2. Hệ thống thêm tài khoản mới thành công và được lưu trong bảng dữ liệu | I24: Pass | J24: Trần Thị Phương Thảo | K24: P1 | L24: Ready
A25: ="TC-" & TEXT( ROW()-ROW($A$7)+1 + COUNTIF('Đăng ký'!A:A,"TC-*") + COUNTIF('Đăng nhập'!A:A,"TC-*") + COUNTIF('Tìm kiếm bài viết'!A:A,"TC-*") + COUNTIF('Xem chủ đề bài viết'!A:A,"TC-*") + COUNTIF('Xem chi tiết bài viết'!A:A,"TC-*") + COUNTIF('Tìm kiếm chuyến đi'!A:A,"TC-*") + COUNTIF('Xem danh sách chuyến tàu'!A:A,"TC-*") + COUNTIF('Xem chi tiết chuyến tàu'!A:A,"TC-*") + COUNTIF('Đặt vé'!A:A,"TC-*") + COUNTIF('Xem lịch sử đặt vé'!A:A,"TC-*") + COUNTIF('Hủy vé'!A:A,"TC-*") + COUNTIF('Bảo trì chủ đề bài viết'!A:A,"TC-*") + COUNTIF('Bảo trì bài viết'!A:A,"TC-*") + COUNTIF('Bảo trì chuyến tàu'!A:A,"TC-*") + COUNTIF('Bảo trì ga tàu'!A:A,"TC-*") + COUNTIF('Quản lý vé đặt'!A:A,"TC-*"),"000") -> TC-242 | C25: Icon chỉnh sửa | D25: Kiểm tra icon chỉnh sửa | E25: Đang ở màn hình All User | F25: 1. Click icon Sửa | H25: 2. Hệ thống chuyển sang màn Update | I25: Pass | J25: Trần Thị Phương Thảo | K25: P2 | L25: Ready
A26: ="TC-" & TEXT( ROW()-ROW($A$7)+1 + COUNTIF('Đăng ký'!A:A,"TC-*") + COUNTIF('Đăng nhập'!A:A,"TC-*") + COUNTIF('Tìm kiếm bài viết'!A:A,"TC-*") + COUNTIF('Xem chủ đề bài viết'!A:A,"TC-*") + COUNTIF('Xem chi tiết bài viết'!A:A,"TC-*") + COUNTIF('Tìm kiếm chuyến đi'!A:A,"TC-*") + COUNTIF('Xem danh sách chuyến tàu'!A:A,"TC-*") + COUNTIF('Xem chi tiết chuyến tàu'!A:A,"TC-*") + COUNTIF('Đặt vé'!A:A,"TC-*") + COUNTIF('Xem lịch sử đặt vé'!A:A,"TC-*") + COUNTIF('Hủy vé'!A:A,"TC-*") + COUNTIF('Bảo trì chủ đề bài viết'!A:A,"TC-*") + COUNTIF('Bảo trì bài viết'!A:A,"TC-*") + COUNTIF('Bảo trì chuyến tàu'!A:A,"TC-*") + COUNTIF('Bảo trì ga tàu'!A:A,"TC-*") + COUNTIF('Quản lý vé đặt'!A:A,"TC-*"),"000") -> TC-243 | D26: Kiểm tra sửa tài khoản thành công | E26: Admin đang ở trang update | F26: 1. Click icon Sửa - nhập thông tin cần sửa 2. Click button Save | H26: 2. Hệ thống cập nhật thành công và cập nhập lại trong bảng dữ liệu | I26: Pass | J26: Trần Thị Phương Thảo | K26: P1 | L26: Ready
A27: ="TC-" & TEXT( ROW()-ROW($A$7)+1 + COUNTIF('Đăng ký'!A:A,"TC-*") + COUNTIF('Đăng nhập'!A:A,"TC-*") + COUNTIF('Tìm kiếm bài viết'!A:A,"TC-*") + COUNTIF('Xem chủ đề bài viết'!A:A,"TC-*") + COUNTIF('Xem chi tiết bài viết'!A:A,"TC-*") + COUNTIF('Tìm kiếm chuyến đi'!A:A,"TC-*") + COUNTIF('Xem danh sách chuyến tàu'!A:A,"TC-*") + COUNTIF('Xem chi tiết chuyến tàu'!A:A,"TC-*") + COUNTIF('Đặt vé'!A:A,"TC-*") + COUNTIF('Xem lịch sử đặt vé'!A:A,"TC-*") + COUNTIF('Hủy vé'!A:A,"TC-*") + COUNTIF('Bảo trì chủ đề bài viết'!A:A,"TC-*") + COUNTIF('Bảo trì bài viết'!A:A,"TC-*") + COUNTIF('Bảo trì chuyến tàu'!A:A,"TC-*") + COUNTIF('Bảo trì ga tàu'!A:A,"TC-*") + COUNTIF('Quản lý vé đặt'!A:A,"TC-*"),"000") -> TC-244 | D27: Kiểm tra không thay đổi dữ liệu | F27: 1. Kích button Save | H27: 2. Hệ thống không thay đổi dữ liệu và trở về màn hình All User | I27: Pass | J27: Trần Thị Phương Thảo | K27: P3 | L27: Ready
A28: ="TC-" & TEXT( ROW()-ROW($A$7)+1 + COUNTIF('Đăng ký'!A:A,"TC-*") + COUNTIF('Đăng nhập'!A:A,"TC-*") + COUNTIF('Tìm kiếm bài viết'!A:A,"TC-*") + COUNTIF('Xem chủ đề bài viết'!A:A,"TC-*") + COUNTIF('Xem chi tiết bài viết'!A:A,"TC-*") + COUNTIF('Tìm kiếm chuyến đi'!A:A,"TC-*") + COUNTIF('Xem danh sách chuyến tàu'!A:A,"TC-*") + COUNTIF('Xem chi tiết chuyến tàu'!A:A,"TC-*") + COUNTIF('Đặt vé'!A:A,"TC-*") + COUNTIF('Xem lịch sử đặt vé'!A:A,"TC-*") + COUNTIF('Hủy vé'!A:A,"TC-*") + COUNTIF('Bảo trì chủ đề bài viết'!A:A,"TC-*") + COUNTIF('Bảo trì bài viết'!A:A,"TC-*") + COUNTIF('Bảo trì chuyến tàu'!A:A,"TC-*") + COUNTIF('Bảo trì ga tàu'!A:A,"TC-*") + COUNTIF('Quản lý vé đặt'!A:A,"TC-*"),"000") -> TC-245 | C28: Icon Xóa | D28: Kiểm tra icon xóa | E28: Đang ở màn hình All User | F28: 1. Kích icon xóa | H28: 1. Hệ thống xóa tài khoản và cập nhập lại database | I28: Pass | J28: Trần Thị Phương Thảo | K28: P1 | L28: Ready
A29: ="TC-" & TEXT( ROW()-ROW($A$7)+1 + COUNTIF('Đăng ký'!A:A,"TC-*") + COUNTIF('Đăng nhập'!A:A,"TC-*") + COUNTIF('Tìm kiếm bài viết'!A:A,"TC-*") + COUNTIF('Xem chủ đề bài viết'!A:A,"TC-*") + COUNTIF('Xem chi tiết bài viết'!A:A,"TC-*") + COUNTIF('Tìm kiếm chuyến đi'!A:A,"TC-*") + COUNTIF('Xem danh sách chuyến tàu'!A:A,"TC-*") + COUNTIF('Xem chi tiết chuyến tàu'!A:A,"TC-*") + COUNTIF('Đặt vé'!A:A,"TC-*") + COUNTIF('Xem lịch sử đặt vé'!A:A,"TC-*") + COUNTIF('Hủy vé'!A:A,"TC-*") + COUNTIF('Bảo trì chủ đề bài viết'!A:A,"TC-*") + COUNTIF('Bảo trì bài viết'!A:A,"TC-*") + COUNTIF('Bảo trì chuyến tàu'!A:A,"TC-*") + COUNTIF('Bảo trì ga tàu'!A:A,"TC-*") + COUNTIF('Quản lý vé đặt'!A:A,"TC-*"),"000") -> TC-246 | C29: Button Cancel | D29: Kiểm tra button Cancel | F29: 1. Click button Cancel | H29: 2. Hệ thống trở về màn hình All User | I29: Pass | J29: Trần Thị Phương Thảo | K29: P1 | L29: Ready
A30: ="TC-" & TEXT( ROW()-ROW($A$7)+1 + COUNTIF('Đăng ký'!A:A,"TC-*") + COUNTIF('Đăng nhập'!A:A,"TC-*") + COUNTIF('Tìm kiếm bài viết'!A:A,"TC-*") + COUNTIF('Xem chủ đề bài viết'!A:A,"TC-*") + COUNTIF('Xem chi tiết bài viết'!A:A,"TC-*") + COUNTIF('Tìm kiếm chuyến đi'!A:A,"TC-*") + COUNTIF('Xem danh sách chuyến tàu'!A:A,"TC-*") + COUNTIF('Xem chi tiết chuyến tàu'!A:A,"TC-*") + COUNTIF('Đặt vé'!A:A,"TC-*") + COUNTIF('Xem lịch sử đặt vé'!A:A,"TC-*") + COUNTIF('Hủy vé'!A:A,"TC-*") + COUNTIF('Bảo trì chủ đề bài viết'!A:A,"TC-*") + COUNTIF('Bảo trì bài viết'!A:A,"TC-*") + COUNTIF('Bảo trì chuyến tàu'!A:A,"TC-*") + COUNTIF('Bảo trì ga tàu'!A:A,"TC-*") + COUNTIF('Quản lý vé đặt'!A:A,"TC-*"),"000") -> TC-247 | C30: Status | D30: Kiểm tra bật/tắt trạng thái | E30: Đang ở màn hình All User | F30: 1. Click toggle status | H30: 2. Trạng thái thay đổi | I30: Pass | J30: Trần Thị Phương Thảo | K30: P1 | L30: Ready
